account_id,upi_id,customer_name,account_type,is_verified_merchant,balance,risk_score,status,created_at
ACC-10096,rajesh.mule.aggregator@oksbi,Rajesh Kumar,SAVINGS,False,12000.00,0.95,FLAGGED,2026-06-15T10:00:00Z
ACC-MULE-L2-01,suresh.mule.l2.node.1@okaxis,Suresh Dispersion 1,CURRENT,False,46000.00,0.92,FLAGGED,2026-07-01T09:00:00Z
ACC-MULE-L2-02,suresh.mule.l2.node.2@okaxis,Suresh Dispersion 2,CURRENT,False,46000.00,0.92,FLAGGED,2026-07-01T09:00:00Z
ACC-MULE-L2-03,suresh.mule.l2.node.3@okaxis,Suresh Dispersion 3,CURRENT,False,46000.00,0.92,FLAGGED,2026-07-01T09:00:00Z
ACC-VIC-A01,victim.student.1@okhdfcbank,Pawan Student 1,SAVINGS,False,4500.00,0.15,ACTIVE,2025-09-10T11:00:00Z
ACC-VIC-A02,victim.student.2@okhdfcbank,Pawan Student 2,SAVINGS,False,4500.00,0.15,ACTIVE,2025-09-10T11:00:00Z
ACC-VIC-A03,victim.student.3@okhdfcbank,Pawan Student 3,SAVINGS,False,4500.00,0.15,ACTIVE,2025-09-10T11:00:00Z
ACC-VIC-A04,victim.student.4@okhdfcbank,Pawan Student 4,SAVINGS,False,4500.00,0.15,ACTIVE,2025-09-10T11:00:00Z
ACC-VIC-A05,victim.student.5@okhdfcbank,Pawan Student 5,SAVINGS,False,4500.00,0.15,ACTIVE,2025-09-10T11:00:00Z
ACC-VIC-A06,victim.student.6@okhdfcbank,Pawan Student 6,SAVINGS,False,4500.00,0.15,ACTIVE,2025-09-10T11:00:00Z
ACC-VIC-A07,victim.student.7@okhdfcbank,Pawan Student 7,SAVINGS,False,4500.00,0.15,ACTIVE,2025-09-10T11:00:00Z
ACC-VIC-A08,victim.student.8@okhdfcbank,Pawan Student 8,SAVINGS,False,4500.00,0.15,ACTIVE,2025-09-10T11:00:00Z
ACC-VIC-A09,victim.student.9@okhdfcbank,Pawan Student 9,SAVINGS,False,4500.00,0.15,ACTIVE,2025-09-10T11:00:00Z
ACC-VIC-A10,victim.student.10@okhdfcbank,Pawan Student 10,SAVINGS,False,4500.00,0.15,ACTIVE,2025-09-10T11:00:00Z
ACC-VIC-B01,senior.citizen.victim@okicici,Ramesh Chandra,SAVINGS,False,18000.00,0.20,ACTIVE,2024-03-12T08:30:00Z
ACC-LAY-MULE-A,layering.mule.a@oktalb,Kailash Node 1,CURRENT,False,5000.00,0.88,FLAGGED,2026-05-20T10:15:00Z
ACC-LAY-MULE-B,layering.mule.b@oktalb,Kailash Node 2,CURRENT,False,7000.00,0.91,FLAGGED,2026-05-20T10:15:00Z
ACC-LAY-MULE-C,layering.mule.c@oktalb,Kailash Node 3,CURRENT,False,9000.00,0.94,FLAGGED,2026-05-20T10:15:00Z
ACC-LAY-SINK-01,crypto.cashout.terminal@okfcc,Offshore Cashout Desk,CURRENT,False,130000.00,0.99,FROZEN,2026-07-20T14:00:00Z
ACC-VIC-C01,compromised.business.acct@oksbi,Verma Enterprises,CURRENT,False,15000.00,0.40,ACTIVE,2024-11-05T12:00:00Z
ACC-DISP-SINK-01,rapid.cashout.sink.1@okhdfcbank,Fast ATM Sink 1,SAVINGS,False,30000.00,0.94,FROZEN,2026-08-01T08:00:00Z
ACC-DISP-SINK-02,rapid.cashout.sink.2@okhdfcbank,Fast ATM Sink 2,SAVINGS,False,30000.00,0.94,FROZEN,2026-08-01T08:00:00Z
ACC-DISP-SINK-03,rapid.cashout.sink.3@okhdfcbank,Fast ATM Sink 3,SAVINGS,False,30000.00,0.94,FROZEN,2026-08-01T08:00:00Z
ACC-VIC-D01,hnw.investor.account@okaxis,Vikramaditya Singhania,SAVINGS,False,85000.00,0.45,FLAGGED,2023-08-15T10:00:00Z
ACC-MULE-L2-04,ato.mule.first.node@oksbi,Dinesh ATO Mule 1,SAVINGS,False,70000.00,0.90,FLAGGED,2026-07-28T11:00:00Z
ACC-MULE-L2-05,ato.mule.second.node@okicici,Mukesh ATO Mule 2,SAVINGS,False,70000.00,0.91,FLAGGED,2026-07-29T14:30:00Z
ACC-ATO-SINK-01,gaming.wallet.sink@oktalb,Virtual Poker Escrow,CURRENT,False,60000.00,0.97,FROZEN,2026-08-05T16:00:00Z
ACC-MULE-L1-02,smurfing.source.node@okfcc,Rajat Smurf Hub,CURRENT,False,2000.00,0.89,FLAGGED,2026-06-10T09:00:00Z
ACC-MULE-L2-06,smurf.layering.node.1@oksbi,Smurf Mule 1,SAVINGS,False,49000.00,0.86,FLAGGED,2026-07-15T15:00:00Z
ACC-MULE-L2-07,smurf.layering.node.2@oksbi,Smurf Mule 2,SAVINGS,False,49000.00,0.86,FLAGGED,2026-07-15T15:00:00Z
FCC_001,kiit.canteen@okfcc,KIIT central canteen,CURRENT,True,150000.00,0.03,ACTIVE,2025-06-10T10:00:00Z
FCC_002,apollopharmacy@okfcc,Apollo Pharmacy Store,CURRENT,True,100000.00,0.04,ACTIVE,2025-09-13T09:09:59Z
FCC_003,nescafe@okfcc,Nescafe coffee store,CURRENT,True,95000.00,0.01,ACTIVE,2025-05-01T10:59:59Z
FCC_004,airtelstore@okfcc,Airtel store,CURRENT,True,80000.00,0.02,ACTIVE,2025-01-01T01:00:00Z
FCC_005,laundary@okfcc,Campus Laundary,CURRENT,True,75767.00,0.03,ACTIVE,2025-06-30T10:50:00Z
FCC_006,instakinggrocery@okfcc,Instaking grocery store,CURRENT,True,50000.00,0.04,ACTIVE,2025-07-10T12:00:00Z
FCC_007,kiitbookstore@okfcc,KIIT Bookstore,CURRENT,True,175000.00,0.01,ACTIVE,2025-04-01T10:39:59Z
FCC_008,trends.store@okfcc,Trends clothing store,CURRENT,True,200000.00,0.02,ACTIVE,2025-06-30T01:59:59Z
FCC_009,smartmart@okfcc,Smart mart Grocery ,CURRENT,True,195000.00,0.03,ACTIVE,2025-07-30T04:00:00Z
FCC_010,citymedicals@okfcc,City Pharmacy & Medicals,CURRENT,True,125000.00,0.04,ACTIVE,2025-09-01T10:16:00Z
FCC_011,royalsweets@okfcc,Royal Sweets & Snacks,CURRENT,True,88000.00,0.01,ACTIVE,2025-07-28T01:30:00Z
FCC_012,kruticoffee@okfcc,Kruti Coffee & Roastery,CURRENT,True,99000.00,0.02,ACTIVE,2025-11-10T10:00:00Z
FCC_013,boccacafe@okfcc,Bocca Cafe Express,CURRENT,True,130000.00,0.03,ACTIVE,2025-12-11T03:00:00Z
FCC_014,cabanafood@okfcc,Cabana Food Court,CURRENT,True,160987.00,0.04,ACTIVE,2025-01-01T10:09:59Z
FCC_015,medpluscare@okfcc,MedPlus Pharmacy & Care,CURRENT,True,115000.00,0.01,ACTIVE,2025-05-31T09:00:00Z
FCC_016,aarav.sharma21@okfcc,Aarav Sharma,CURRENT,True,12500.00,0.04,ACTIVE,2025-08-01T10:14:59Z
FCC_017,sneha.patel88@okfcc,Sneha Patel,CURRENT,True,8400.00,0.05,ACTIVE,2025-08-01T11:19:59Z
FCC_018,rohan.verma09@okfcc,Rohan Verma,CURRENT,True,15600.00,0.05,ACTIVE,2025-08-02T09:45:00Z
FCC_019,ananya.mishra44@okfcc,Ananya Mishra,CURRENT,True,22000.00,0.05,ACTIVE,2025-08-02T14:10:00Z
FCC_020,vikram.singh77@okfcc,Vikram Singh,CURRENT,True,5400.00,0.01,ACTIVE,2025-08-03T16:30:00Z
FCC_021,priya.das12@okfcc,Priya Das,CURRENT,True,31000.00,0.02,ACTIVE,2025-08-03T18:00:00Z
FCC_022,aditya.roy55@okfcc,Aditya Roy,CURRENT,True,9800.00,0.03,ACTIVE,2025-08-04T11:15:00Z
FCC_023,riya.sengupta91@okfcc,Riya Sengupta,CURRENT,True,14200.00,0.04,ACTIVE,2025-08-04T12:40:00Z
FCC_024,harsh.vardhan33@okfcc,Harsh Vardhan,CURRENT,True,6700.00,0.05,ACTIVE,2025-08-05T10:05:00Z
FCC_025,tanvi.agarwal18@okfcc,Tanvi Agarwal,CURRENT,True,18500.00,0.05,ACTIVE,2025-08-05T15:49:59Z
FCC_026,kunal.nayak04@okfcc,Kunal Nayak,CURRENT,True,11200.00,0.05,ACTIVE,2025-08-06T09:29:59Z
FCC_027,ishita.mohanty62@okfcc,Ishita Mohanty,CURRENT,True,27500.00,0.01,ACTIVE,2025-08-06T13:25:00Z
FCC_028,ayush.tripathi81@okfcc,Ayush Tripathi,CURRENT,True,4300.00,0.02,ACTIVE,2025-08-07T10:59:59Z
FCC_029,shreya.jena29@okfcc,Shreya Jena,CURRENT,True,19800.00,0.03,ACTIVE,2025-08-07T16:45:00Z
FCC_030,devendra.sahoo73@okfcc,Devendra Sahoo,CURRENT,True,8900.00,0.04,ACTIVE,2025-08-08T10:20:00Z
FCC_031,megha.panda15@okfcc,Megha Panda,CURRENT,True,16400.00,0.05,ACTIVE,2025-08-08T14:15:00Z
FCC_032,siddharth.raut90@okfcc,Siddharth Raut,CURRENT,True,25000.00,0.05,ACTIVE,2025-08-09T11:50:00Z
FCC_033,pooja.behera47@okfcc,Pooja Behera,CURRENT,True,7300.00,0.05,ACTIVE,2025-08-09T17:35:00Z
FCC_034,aman.pradhan08@okfcc,Aman Pradhan,CURRENT,True,13900.00,0.01,ACTIVE,2025-08-10T09:09:59Z
FCC_035,neha.mohapatra66@okfcc,Neha Mohapatra,CURRENT,True,21500.00,0.02,ACTIVE,2025-08-10T13:00:00Z
FCC_036,saurav.swain23@okfcc,Saurav Swain,CURRENT,True,5800.00,0.03,ACTIVE,2025-08-11T10:39:59Z
FCC_037,aditi.panigrahi51@okfcc,Aditi Panigrahi,CURRENT,True,34000.00,0.04,ACTIVE,2025-08-11T15:15:00Z
FCC_038,rahul.biswal84@okfcc,Rahul Biswal,CURRENT,True,9200.00,0.05,ACTIVE,2025-08-12T11:05:00Z
FCC_039,simran.dash39@okfcc,Simran Dash,CURRENT,True,17600.00,0.05,ACTIVE,2025-08-12T16:20:00Z
FCC_040,nikhil.pattnaik02@okfcc,Nikhil Pattnaik,CURRENT,True,12100.00,0.05,ACTIVE,2025-08-13T09:54:59Z
FCC_041,divya.samal78@okfcc,Divya Samal,CURRENT,True,28400.00,0.01,ACTIVE,2025-08-13T14:39:59Z
FCC_042,akash.tripathy14@okfcc,Akash Tripathy,CURRENT,True,6300.00,0.02,ACTIVE,2025-08-14T10:09:59Z
FCC_043,swati.acharya95@okfcc,Swati Acharya,CURRENT,True,19100.00,0.03,ACTIVE,2025-08-14T15:29:59Z
FCC_044,pratik.barik58@okfcc,Pratik Barik,CURRENT,True,8600.00,0.04,ACTIVE,2025-08-15T11:24:59Z
FCC_045,shruti.sethi20@okfcc,Shruti Sethi,CURRENT,True,14900.00,0.05,ACTIVE,2025-08-15T16:59:59Z
FCC_046,manish.rath67@okfcc,Manish Rath,CURRENT,True,23400.00,0.05,ACTIVE,2025-08-16T09:40:00Z
FCC_047,pragyan.hota06@okfcc,Pragyan Hota,CURRENT,True,7800.00,0.05,ACTIVE,2025-08-16T13:50:00Z
FCC_048,mohit.nayak43@okfcc,Mohit Nayak,CURRENT,True,16700.00,0.01,ACTIVE,2025-08-17T10:14:59Z
FCC_049,pallavi.kar89@okfcc,Pallavi Kar,CURRENT,True,31200.00,0.02,ACTIVE,2025-08-17T16:05:00Z
FCC_050,deepak.mallick31@okfcc,Deepak Mallick,CURRENT,True,5100.00,0.03,ACTIVE,2025-08-18T11:35:00Z
FCC_051,ankita.ray75@okfcc,Ankita Ray,CURRENT,True,18300.00,0.04,ACTIVE,2025-08-18T15:20:00Z
FCC_052,shubham.dalai17@okfcc,Shubham Dalai,CURRENT,True,10500.00,0.05,ACTIVE,2025-08-19T09:24:59Z
FCC_053,rashmi.parida60@okfcc,Rashmi Parida,CURRENT,True,26800.00,0.05,ACTIVE,2025-08-19T14:10:00Z
FCC_054,abhishek.moharana98@okfcc,Abhishek Moharana,CURRENT,True,4900.00,0.05,ACTIVE,2025-08-20T10:50:00Z
FCC_055,payal.kanungo25@okfcc,Payal Kanungo,CURRENT,True,20400.00,0.01,ACTIVE,2025-08-20T16:14:59Z
FCC_056,gourav.srichandan83@okfcc,Gourav Srichandan,CURRENT,True,9400.00,0.02,ACTIVE,2025-08-21T11:39:59Z
FCC_057,deepa.bhuyan40@okfcc,Deepa Bhuyan,CURRENT,True,15800.00,0.03,ACTIVE,2025-08-21T17:05:00Z
FCC_058,rakesh.khandei03@okfcc,Rakesh Khandei,CURRENT,True,22700.00,0.04,ACTIVE,2025-08-22T09:15:00Z
FCC_059,sunita.mahapatra71@okfcc,Sunita Mahapatra,CURRENT,True,6900.00,0.05,ACTIVE,2025-08-22T13:30:00Z
FCC_060,alok.prusty16@okfcc,Alok Prusty,CURRENT,True,13400.00,0.05,ACTIVE,2025-08-23T10:00:00Z
FCC_061,lipsa.satpathy59@okfcc,Lipsa Satpathy,CURRENT,True,29600.00,0.05,ACTIVE,2025-08-23T15:45:00Z
FCC_062,suman.debnath94@okfcc,Suman Debnath,CURRENT,True,8100.00,0.01,ACTIVE,2025-08-24T11:10:00Z
FCC_063,monalisa.sen37@okfcc,Monalisa Sen,CURRENT,True,17100.00,0.02,ACTIVE,2025-08-24T16:34:59Z
FCC_064,joydeep.bose82@okfcc,Joydeep Bose,CURRENT,True,11800.00,0.03,ACTIVE,2025-08-25T09:45:00Z
FCC_065,debolina.paul26@okfcc,Debolina Paul,CURRENT,True,24300.00,0.04,ACTIVE,2025-08-25T14:19:59Z
FCC_066,arnab.ghosh69@okfcc,Arnab Ghosh,CURRENT,True,5600.00,0.05,ACTIVE,2025-08-26T10:30:00Z
FCC_067,sayani.dutta11@okfcc,Sayani Dutta,CURRENT,True,18900.00,0.05,ACTIVE,2025-08-26T15:54:59Z
FCC_068,subhajit.banerjee54@okfcc,Subhajit Banerjee,CURRENT,True,9700.00,0.05,ACTIVE,2025-08-27T11:15:00Z
FCC_069,rituparna.bhattacharya97@okfcc,Rituparna Bhattacharya,CURRENT,True,32500.00,0.01,ACTIVE,2025-08-27T17:24:59Z
FCC_070,kaushik.mukherjee38@okfcc,Kaushik Mukherjee,CURRENT,True,7100.00,0.02,ACTIVE,2025-08-28T09:35:00Z
FCC_071,oindrila.ganguly80@okfcc,Oindrila Ganguly,CURRENT,True,16200.00,0.03,ACTIVE,2025-08-28T13:50:00Z
FCC_072,sourav.chakraborty24@okfcc,Sourav Chakraborty,CURRENT,True,21900.00,0.04,ACTIVE,2025-08-29T10:25:00Z
FCC_073,piyali.roy65@okfcc,Piyali Roy,CURRENT,True,8500.00,0.05,ACTIVE,2025-08-29T16:09:59Z
FCC_074,nilanjan.sarkar07@okfcc,Nilanjan Sarkar,CURRENT,True,14600.00,0.05,ACTIVE,2025-08-30T11:44:59Z
FCC_075,sarmistha.das49@okfcc,Sarmistha Das,CURRENT,True,27100.00,0.05,ACTIVE,2025-08-30T17:15:00Z
FCC_076,chirag.gupta92@okfcc,Chirag Gupta,CURRENT,True,6100.00,0.01,ACTIVE,2025-08-31T09:49:59Z
FCC_077,garima.khandelwal35@okfcc,Garima Khandelwal,CURRENT,True,19400.00,0.02,ACTIVE,2025-08-31T14:05:00Z
FCC_078,pranav.singhal76@okfcc,Pranav Singhal,CURRENT,True,10900.00,0.03,ACTIVE,2025-09-01T10:14:59Z
FCC_079,rashi.agrawal19@okfcc,Rashi Agrawal,CURRENT,True,23800.00,0.04,ACTIVE,2025-09-01T15:29:59Z
FCC_080,tarun.mittal63@okfcc,Tarun Mittal,CURRENT,True,4700.00,0.05,ACTIVE,2025-09-02T10:59:59Z
FCC_081,kriti.bansal05@okfcc,Kriti Bansal,CURRENT,True,17900.00,0.05,ACTIVE,2025-09-02T16:39:59Z
FCC_082,gaurav.jindal48@okfcc,Gaurav Jindal,CURRENT,True,9100.00,0.05,ACTIVE,2025-09-03T09:20:00Z
FCC_083,ishan.garg90@okfcc,Ishan Garg,CURRENT,True,30500.00,0.01,ACTIVE,2025-09-03T13:45:00Z
FCC_084,shreya.goel32@okfcc,Shreya Goel,CURRENT,True,7500.00,0.02,ACTIVE,2025-09-04T10:34:59Z
FCC_085,vivek.somani74@okfcc,Vivek Somani,CURRENT,True,15300.00,0.03,ACTIVE,2025-09-04T15:09:59Z
FCC_086,tanya.maheshwari18@okfcc,Tanya Maheshwari,CURRENT,True,22400.00,0.04,ACTIVE,2025-09-05T11:24:59Z
FCC_087,ankit.biyani61@okfcc,Ankit Biyani,CURRENT,True,5900.00,0.05,ACTIVE,2025-09-05T16:59:59Z
FCC_088,mehak.chhabra02@okfcc,Mehak Chhabra,CURRENT,True,18100.00,0.05,ACTIVE,2025-09-06T09:40:00Z
FCC_089,varun.seth46@okfcc,Varun Seth,CURRENT,True,12800.00,0.05,ACTIVE,2025-09-06T14:15:00Z
FCC_090,bhavya.juneja87@okfcc,Bhavya Juneja,CURRENT,True,28900.00,0.01,ACTIVE,2025-09-07T10:50:00Z
FCC_091,rohit.batra30@okfcc,Rohit Batra,CURRENT,True,6500.00,0.02,ACTIVE,2025-09-07T16:05:00Z
FCC_092,palak.grover72@okfcc,Palak Grover,CURRENT,True,19600.00,0.03,ACTIVE,2025-09-08T11:30:00Z
FCC_093,sahil.wadhwa15@okfcc,Sahil Wadhwa,CURRENT,True,10200.00,0.04,ACTIVE,2025-09-08T17:19:59Z
FCC_094,nihanka.ahuja57@okfcc,Niharika Ahuja,CURRENT,True,24700.00,0.05,ACTIVE,2025-09-09T09:09:59Z
ACC_002,saanvi.mehta1@talb,Saanvi Mehta,CURRENT,True,212918.40,0.05,ACTIVE,2023-05-24T00:00:00Z
ACC_007,sai.joshi6@talb,Sai Joshi,CURRENT,True,248598.73,0.02,ACTIVE,2023-05-24T00:00:00Z
ACC_018,arjun.patel17@talb,Arjun Patel,CURRENT,True,256359.53,0.05,ACTIVE,2022-07-13T00:00:00Z
ACC_019,neha.gupta18@talb,Neha Gupta,CURRENT,True,212816.78,0.05,ACTIVE,2022-09-06T00:00:00Z
ACC_023,arjun.sharma22@talb,Arjun Sharma,CURRENT,True,232772.10,0.05,ACTIVE,2022-02-01T00:00:00Z
ACC_031,aarav.bose30@talb,Aarav Bose,CURRENT,True,257337.41,0.05,ACTIVE,2023-01-26T00:00:00Z
ACC_033,pooja.malhotra32@talb,Pooja Malhotra,CURRENT,True,235251.47,0.05,ACTIVE,2022-04-24T00:00:00Z
ACC_039,vivaan.iyer38@talb,Vivaan Iyer,CURRENT,True,220214.03,0.05,ACTIVE,2023-01-04T00:00:00Z
ACC_046,vivaan.verma45@talb,Vivaan Verma,CURRENT,True,217194.84,0.03,ACTIVE,2022-01-21T00:00:00Z
ACC_047,meera.malhotra46@talb,Meera Malhotra,CURRENT,True,273024.43,0.05,ACTIVE,2022-04-06T00:00:00Z
ACC_049,dhruv.malhotra48@talb,Dhruv Malhotra,CURRENT,True,222232.21,0.05,ACTIVE,2023-11-26T00:00:00Z
ACC_053,priya.reddy52@talb,Priya Reddy,CURRENT,True,237983.46,0.05,ACTIVE,2023-10-08T00:00:00Z
ACC_054,krishna.kapoor53@talb,Krishna Kapoor,CURRENT,True,231371.08,0.05,ACTIVE,2022-05-26T00:00:00Z
ACC_056,yash.patel55@talb,Yash Patel,CURRENT,True,205495.27,0.05,ACTIVE,2023-03-27T00:00:00Z
ACC_059,aditya.patel58@talb,Aditya Patel,CURRENT,True,223471.60,0.05,ACTIVE,2023-03-24T00:00:00Z
ACC_062,riya.das61@talb,Riya Das,CURRENT,True,219053.57,0.05,ACTIVE,2023-02-06T00:00:00Z
ACC_063,saanvi.mehta62@talb,Saanvi Mehta,CURRENT,True,220027.46,0.05,ACTIVE,2022-05-30T00:00:00Z
ACC_067,aryan.iyer66@talb,Aryan Iyer,CURRENT,True,240338.04,0.05,ACTIVE,2023-09-08T00:00:00Z
ACC_072,ira.mehta71@talb,Ira Mehta,CURRENT,True,204158.72,0.05,ACTIVE,2022-03-20T00:00:00Z
ACC_074,saanvi.bose73@talb,Saanvi Bose,CURRENT,True,282012.15,0.05,ACTIVE,2022-04-17T00:00:00Z
ACC_081,ayaan.chauhan80@talb,Ayaan Chauhan,CURRENT,True,204959.95,0.05,ACTIVE,2023-02-16T00:00:00Z
ACC_083,vivaan.mehta82@talb,Vivaan Mehta,CURRENT,True,202169.99,0.05,ACTIVE,2023-11-19T00:00:00Z
ACC_087,vivaan.singh86@talb,Vivaan Singh,CURRENT,True,252530.42,0.05,ACTIVE,2022-08-24T00:00:00Z
ACC-10010,reliance.retail@oksbi,Reliance Retail Supermart,CURRENT,True,295966.42,0.03,ACTIVE,2024-06-16T04:28:36Z
ACC-10020,flipkart.india.@oksbi,Flipkart India Logistics,CURRENT,True,338704.49,0.05,ACTIVE,2024-03-08T16:00:15Z
ACC-10030,swiggy.delivery@oksbi,Swiggy Delivery Partner,CURRENT,True,275123.41,0.05,ACTIVE,2024-01-28T21:41:14Z
FCC_095,kartik.taneja99@okfcc,Kartik Taneja,SAVINGS,False,8300.00,0.06,ACTIVE,2025-09-09T13:54:59Z
ACC_003,sai.chatterjee2@talb,Sai Chatterjee,SAVINGS,False,165223.24,0.22,ACTIVE,2022-03-13T00:00:00Z
ACC_006,ishaan.kapoor5@talb,Ishaan Kapoor,SAVINGS,False,146286.94,0.33,ACTIVE,2023-07-26T00:00:00Z
ACC_009,dhruv.kumar8@talb,Dhruv Kumar,SAVINGS,False,114654.15,0.20,ACTIVE,2022-03-23T00:00:00Z
ACC_011,ishaan.singh10@talb,Ishaan Singh,SAVINGS,False,48734.32,0.32,ACTIVE,2023-12-17T00:00:00Z
ACC_013,vihaan.bose12@talb,Vihaan Bose,SAVINGS,False,62342.08,0.27,ACTIVE,2023-06-27T00:00:00Z
ACC_015,reyansh.iyer14@talb,Reyansh Iyer,SAVINGS,False,116800.11,0.28,ACTIVE,2022-11-09T00:00:00Z
ACC_025,myra.nair24@talb,Myra Nair,SAVINGS,False,41277.01,0.24,ACTIVE,2024-01-10T00:00:00Z
ACC_026,vihaan.pillai25@talb,Vihaan Pillai,SAVINGS,False,78591.50,0.21,ACTIVE,2022-02-22T00:00:00Z
ACC_027,rohan.sharma26@talb,Rohan Sharma,SAVINGS,False,20624.14,0.26,ACTIVE,2024-02-10T00:00:00Z
ACC_029,pooja.mehta28@talb,Pooja Mehta,SAVINGS,False,107456.84,0.34,ACTIVE,2024-04-05T00:00:00Z
ACC_032,arjun.patel31@talb,Arjun Patel,SAVINGS,False,144197.52,0.28,ACTIVE,2023-08-19T00:00:00Z
ACC_036,riya.gupta35@talb,Riya Gupta,SAVINGS,False,108617.64,0.30,ACTIVE,2023-12-07T00:00:00Z
ACC_037,ira.nair36@talb,Ira Nair,SAVINGS,False,190550.59,0.26,ACTIVE,2024-06-15T00:00:00Z
ACC_038,ayaan.menon37@talb,Ayaan Menon,SAVINGS,False,66450.07,0.21,ACTIVE,2023-08-21T00:00:00Z
ACC_043,rohan.bose42@talb,Rohan Bose,SAVINGS,False,2236.93,0.30,ACTIVE,2022-10-17T00:00:00Z
ACC_048,meera.rao47@talb,Meera Rao,SAVINGS,False,182932.72,0.23,ACTIVE,2022-03-23T00:00:00Z
ACC_050,anika.kapoor49@talb,Anika Kapoor,SAVINGS,False,55368.70,0.23,ACTIVE,2023-10-13T00:00:00Z
ACC_058,vihaan.rao57@talb,Vihaan Rao,SAVINGS,False,72316.09,0.33,ACTIVE,2022-05-18T00:00:00Z
ACC_065,vihaan.pillai64@talb,Vihaan Pillai,SAVINGS,False,117644.61,0.24,ACTIVE,2022-08-03T00:00:00Z
ACC_068,arjun.bose67@talb,Arjun Bose,SAVINGS,False,174640.17,0.26,ACTIVE,2023-07-22T00:00:00Z
ACC_070,dhruv.sharma69@talb,Dhruv Sharma,SAVINGS,False,61092.43,0.33,ACTIVE,2022-11-22T00:00:00Z
ACC_075,dhruv.chatterjee74@talb,Dhruv Chatterjee,SAVINGS,False,66997.95,0.29,ACTIVE,2022-11-02T00:00:00Z
ACC_076,krishna.sharma75@talb,Krishna Sharma,SAVINGS,False,56886.96,0.23,ACTIVE,2024-05-15T00:00:00Z
ACC_078,aarav.malhotra77@talb,Aarav Malhotra,SAVINGS,False,146408.89,0.32,ACTIVE,2024-03-28T00:00:00Z
ACC_080,aarav.chauhan79@talb,Aarav Chauhan,SAVINGS,False,42837.20,0.30,ACTIVE,2023-09-22T00:00:00Z
ACC_085,aryan.mehta84@talb,Aryan Mehta,SAVINGS,False,31076.37,0.22,ACTIVE,2022-08-26T00:00:00Z
ACC_086,isha.sharma85@talb,Isha Sharma,SAVINGS,False,167927.45,0.31,ACTIVE,2023-12-02T00:00:00Z
ACC_088,aditya.mehta87@talb,Aditya Mehta,SAVINGS,False,132024.90,0.23,ACTIVE,2023-10-08T00:00:00Z
ACC-10002,vivaan.rao@oksbi,Vivaan Rao,SAVINGS,False,71311.06,0.02,ACTIVE,2026-02-27T04:08:38Z
ACC-10004,vihaan.shinde@oksbi,Vihaan Shinde,SAVINGS,False,98923.89,0.04,ACTIVE,2026-05-15T03:33:57Z
ACC-10006,reyansh.nambiar@oksbi,Reyansh Nambiar,SAVINGS,False,148222.09,0.14,ACTIVE,2024-03-05T23:45:49Z
ACC-10008,sai.mehta@oksbi,Sai Mehta,SAVINGS,False,103428.83,0.03,ACTIVE,2024-04-21T11:44:42Z
ACC-10012,ishaan.sen@oksbi,Ishaan Sen,SAVINGS,False,1735.11,0.04,ACTIVE,2025-06-06T02:58:46Z
ACC-10014,atharva.swaminathan@oksbi,Atharva Swaminathan,SAVINGS,False,163044.71,0.07,ACTIVE,2025-10-16T20:19:22Z
ACC-10016,pranav.nair@oksbi,Pranav Nair,SAVINGS,False,1946.60,0.12,ACTIVE,2025-06-13T16:22:20Z
ACC-10024,aadhya.tiwari@oksbi,Aadhya Tiwari,SAVINGS,False,155219.22,0.08,ACTIVE,2024-08-09T05:49:25Z
ACC-10026,kiara.banerjee@oksbi,Kiara Banerjee,SAVINGS,False,23799.06,0.10,ACTIVE,2025-10-02T03:33:41Z
ACC-10032,navya.joshi@oksbi,Navya Joshi,SAVINGS,False,73537.60,0.13,ACTIVE,2026-05-31T19:49:46Z
ACC-10034,kavya.roy@oksbi,Kavya Roy,SAVINGS,False,109833.29,0.01,ACTIVE,2026-01-01T07:28:50Z
ACC-10036,pooja.gupta@oksbi,Pooja Gupta,SAVINGS,False,235837.44,0.16,ACTIVE,2025-01-08T20:07:33Z
ACC-10038,neha.mishra@oksbi,Neha Mishra,SAVINGS,False,93769.89,0.10,ACTIVE,2024-04-22T18:07:06Z
ACC-10042,vikram.venkatesh@oksbi,Vikram Venkatesh,SAVINGS,False,3861.65,0.13,ACTIVE,2026-03-23T20:52:54Z
ACC-10044,ramesh.jain@oksbi,Ramesh Jain,SAVINGS,False,156550.24,0.04,ACTIVE,2025-02-10T03:58:57Z
ACC-10046,amit.goel@oksbi,Amit Goel,SAVINGS,False,21037.81,0.13,ACTIVE,2024-12-06T16:40:35Z
ACC-10054,gaurav.shinde@oksbi,Gaurav Shinde,SAVINGS,False,8912.21,0.09,ACTIVE,2024-11-04T03:01:15Z
ACC-10056,sameer.nambiar@oksbi,Sameer Nambiar,SAVINGS,False,23608.32,0.08,ACTIVE,2026-03-04T00:00:26Z
ACC-10062,nidhi.sen@oksbi,Nidhi Sen,SAVINGS,False,25185.45,0.12,ACTIVE,2026-03-03T22:09:30Z
ACC-10064,divya.swaminathan@oksbi,Divya Swaminathan,SAVINGS,False,275258.54,0.09,ACTIVE,2025-12-23T09:12:11Z
ACC-10066,jyoti.nair@oksbi,Jyoti Nair,SAVINGS,False,38274.41,0.17,ACTIVE,2025-05-08T14:20:40Z
ACC-10068,sunita.deshmukh@oksbi,Sunita Deshmukh,SAVINGS,False,30889.72,0.12,ACTIVE,2024-03-31T03:45:55Z
ACC-10072,preeti.bhatia@oksbi,Preeti Bhatia,SAVINGS,False,169053.94,0.17,ACTIVE,2026-01-01T21:55:45Z
ACC-10074,shikha.tiwari@oksbi,Shikha Tiwari,SAVINGS,False,36673.83,0.03,ACTIVE,2025-10-14T09:17:57Z
ACC-10076,bhavna.banerjee@oksbi,Bhavna Banerjee,SAVINGS,False,115616.89,0.08,ACTIVE,2024-09-15T21:00:55Z
ACC-10084,ayush.roy@oksbi,Ayush Roy,SAVINGS,False,76790.45,0.13,ACTIVE,2024-02-09T04:13:20Z
ACC-10086,karthik.gupta@oksbi,Karthik Gupta,SAVINGS,False,89589.78,0.06,ACTIVE,2024-07-28T03:48:28Z
ACC-10092,prateek.venkatesh@oksbi,Prateek Venkatesh,SAVINGS,False,19671.06,0.04,ACTIVE,2024-08-28T14:27:45Z
ACC-10094,akash.jain@oksbi,Akash Jain,SAVINGS,False,15191.96,0.10,ACTIVE,2024-07-04T18:34:24Z
ACC-STUD-0059,advaith.verma@oktalb,Advaith Verma,SAVINGS,False,10438.55,0.02,ACTIVE,2025-10-19T00:00:00Z
ACC-STUD-0060,pranav.chaubey@oksbi,Pranav Chaubey,SAVINGS,False,16900.15,0.01,ACTIVE,2026-03-30T00:00:00Z
ACC-STUD-0061,veer.reddy@okfcc,Veer Reddy,SAVINGS,False,2468.56,0.02,ACTIVE,2026-04-05T00:00:00Z
ACC-STUD-0062,deepak.paul@okhdfcbank,Deepak Paul,SAVINGS,False,23008.20,0.07,ACTIVE,2026-01-16T00:00:00Z
ACC-STUD-0063,aarav.singh@oktalb,Aarav Singh,SAVINGS,False,13919.14,0.02,ACTIVE,2026-01-03T00:00:00Z
ACC-STUD-0064,rhea.mehta@oksbi,Rhea Mehta,SAVINGS,False,5030.15,0.07,ACTIVE,2025-12-12T00:00:00Z
ACC-STUD-0065,aadhya.gupta@oktalb,Aadhya Gupta,SAVINGS,False,21072.33,0.08,ACTIVE,2026-01-22T00:00:00Z
ACC-STUD-0066,aarna.saxena@okfcc,Aarna Saxena,SAVINGS,False,31773.27,0.05,ACTIVE,2025-10-29T00:00:00Z
ACC-STUD-0067,tara.jha@okhdfcbank,Tara Jha,SAVINGS,False,4038.76,0.06,ACTIVE,2026-05-27T00:00:00Z
ACC-STUD-0068,riya.saxena@okhdfcbank,Riya Saxena,SAVINGS,False,15374.61,0.04,ACTIVE,2025-07-22T00:00:00Z
ACC-STUD-0069,tara.singh@okicici,Tara Singh,SAVINGS,False,9147.01,0.03,ACTIVE,2025-11-29T00:00:00Z
ACC-STUD-0070,ishaan.yadav@oktalb,Ishaan Yadav,SAVINGS,False,20996.11,0.03,ACTIVE,2025-08-27T00:00:00Z
ACC-STUD-0071,mehak.sengupta@okicici,Mehak Sengupta,SAVINGS,False,26617.91,0.03,ACTIVE,2026-04-24T00:00:00Z
ACC-STUD-0072,siya.malhotra@okhdfcbank,Siya Malhotra,SAVINGS,False,30884.17,0.04,ACTIVE,2025-06-17T00:00:00Z
ACC-STUD-0073,krishna.shah@okfcc,Krishna Shah,SAVINGS,False,9260.87,0.04,ACTIVE,2025-11-09T00:00:00Z
ACC-STUD-0074,kriti.kapoor@okicici,Kriti Kapoor,SAVINGS,False,10501.90,0.05,ACTIVE,2025-08-11T00:00:00Z
ACC-STUD-0075,aadhya.thakur@okaxis,Aadhya Thakur,SAVINGS,False,16078.12,0.03,ACTIVE,2026-03-26T00:00:00Z
ACC-STUD-0076,kabir.tripathi@okaxis,Kabir Tripathi,SAVINGS,False,29086.05,0.07,ACTIVE,2025-07-17T00:00:00Z
ACC-STUD-0077,darsh.singh@oktalb,Darsh Singh,SAVINGS,False,23268.93,0.04,ACTIVE,2026-01-03T00:00:00Z
ACC-STUD-0078,mehak.dubey@okicici,Mehak Dubey,SAVINGS,False,32918.46,0.01,ACTIVE,2026-03-11T00:00:00Z
ACC-STUD-0079,advaith.chaubey@okicici,Advaith Chaubey,SAVINGS,False,13916.40,0.03,ACTIVE,2026-04-25T00:00:00Z
ACC-STUD-0080,kian.pandey@oksbi,Kian Pandey,SAVINGS,False,36973.92,0.06,ACTIVE,2025-10-13T00:00:00Z
ACC-STUD-0081,gaurav.mehta@oktalb,Gaurav Mehta,SAVINGS,False,32220.93,0.05,ACTIVE,2025-10-31T00:00:00Z
ACC-STUD-0082,aaditya.kapoor@okicici,Aaditya Kapoor,SAVINGS,False,21187.33,0.06,ACTIVE,2025-08-22T00:00:00Z
ACC-STUD-0083,ayush.sharma@okfcc,Ayush Sharma,SAVINGS,False,19334.11,0.02,ACTIVE,2025-11-13T00:00:00Z
ACC-STUD-0084,tara.banerjee@okhdfcbank,Tara Banerjee,SAVINGS,False,10291.81,0.05,ACTIVE,2025-06-30T00:00:00Z
ACC-STUD-0085,shaurya.saxena@oktalb,Shaurya Saxena,SAVINGS,False,31284.85,0.08,ACTIVE,2026-02-04T00:00:00Z
ACC-STUD-0086,harsh.joshi@okhdfcbank,Harsh Joshi,SAVINGS,False,18847.81,0.05,ACTIVE,2026-05-04T00:00:00Z
ACC-STUD-0087,aadhya.dubey@okfcc,Aadhya Dubey,SAVINGS,False,36699.25,0.08,ACTIVE,2026-01-03T00:00:00Z
ACC-STUD-0088,aaditya.banerjee@okaxis,Aaditya Banerjee,SAVINGS,False,25220.55,0.04,ACTIVE,2026-05-10T00:00:00Z
ACC-STUD-0089,kunal.mishra@oksbi,Kunal Mishra,SAVINGS,False,9701.45,0.03,ACTIVE,2025-10-05T00:00:00Z
ACC-STUD-0090,rishi.thakur@okhdfcbank,Rishi Thakur,SAVINGS,False,4091.25,0.05,ACTIVE,2025-06-04T00:00:00Z
ACC-STUD-0091,rishi.bhatia@oksbi,Rishi Bhatia,SAVINGS,False,4086.29,0.03,ACTIVE,2025-11-17T00:00:00Z
ACC-STUD-0092,vikram.shah@okfcc,Vikram Shah,SAVINGS,False,27902.37,0.07,ACTIVE,2025-08-07T00:00:00Z
ACC-STUD-0093,rohan.nair@okaxis,Rohan Nair,SAVINGS,False,8449.96,0.02,ACTIVE,2025-12-26T00:00:00Z
ACC-STUD-0094,swati.dutta@okaxis,Swati Dutta,SAVINGS,False,18546.40,0.06,ACTIVE,2025-12-28T00:00:00Z
ACC-STUD-0095,advik.malhotra@okaxis,Advik Malhotra,SAVINGS,False,30721.63,0.02,ACTIVE,2025-11-21T00:00:00Z
ACC-STUD-0096,aryan.patel@okfcc,Aryan Patel,SAVINGS,False,6616.65,0.02,ACTIVE,2026-01-16T00:00:00Z
ACC-STUD-0097,mehak.nair@oksbi,Mehak Nair,SAVINGS,False,30992.81,0.07,ACTIVE,2026-01-13T00:00:00Z
ACC-STUD-0098,advik.malhotra@oktalb,Advik Malhotra,SAVINGS,False,32015.01,0.08,ACTIVE,2026-03-04T00:00:00Z
ACC-STUD-0099,diya.singh@okaxis,Diya Singh,SAVINGS,False,19069.58,0.07,ACTIVE,2026-02-04T00:00:00Z
ACC-STUD-0100,ayaan.singh@okaxis,Ayaan Singh,SAVINGS,False,37463.77,0.03,ACTIVE,2025-06-02T00:00:00Z
ACC-STUD-0101,kriti.das@okaxis,Kriti Das,SAVINGS,False,36442.09,0.08,ACTIVE,2026-05-23T00:00:00Z
ACC-STUD-0102,vikram.kapoor@okhdfcbank,Vikram Kapoor,SAVINGS,False,9446.08,0.01,ACTIVE,2025-10-30T00:00:00Z
ACC-STUD-0103,deepak.malhotra@oktalb,Deepak Malhotra,SAVINGS,False,3586.53,0.05,ACTIVE,2025-11-08T00:00:00Z
ACC-STUD-0104,gaurav.dubey@okhdfcbank,Gaurav Dubey,SAVINGS,False,36568.43,0.02,ACTIVE,2025-06-30T00:00:00Z
ACC-STUD-0105,devansh.bhatia@okfcc,Devansh Bhatia,SAVINGS,False,26145.26,0.03,ACTIVE,2025-07-05T00:00:00Z
ACC-STUD-0106,aaryan.jha@okhdfcbank,Aaryan Jha,SAVINGS,False,23199.95,0.05,ACTIVE,2026-03-24T00:00:00Z
ACC-STUD-0107,priya.thakur@okfcc,Priya Thakur,SAVINGS,False,13047.50,0.03,ACTIVE,2026-02-23T00:00:00Z
ACC-STUD-0108,ira.nair@okicici,Ira Nair,SAVINGS,False,6277.06,0.06,ACTIVE,2025-12-20T00:00:00Z
ACC-STUD-0109,kriti.chatterjee@oksbi,Kriti Chatterjee,SAVINGS,False,18227.42,0.08,ACTIVE,2025-06-05T00:00:00Z
ACC-STUD-0110,advik.bhatia@okfcc,Advik Bhatia,SAVINGS,False,19964.79,0.02,ACTIVE,2025-09-18T00:00:00Z
ACC-STUD-0111,prisha.bhatia@okhdfcbank,Prisha Bhatia,SAVINGS,False,11902.04,0.04,ACTIVE,2025-12-07T00:00:00Z
ACC-STUD-0112,deepak.banerjee@okfcc,Deepak Banerjee,SAVINGS,False,20806.34,0.06,ACTIVE,2026-05-01T00:00:00Z
ACC-STUD-0113,avani.mehta@okhdfcbank,Avani Mehta,SAVINGS,False,5713.15,0.02,ACTIVE,2025-10-14T00:00:00Z
ACC-STUD-0114,darsh.rao@okicici,Darsh Rao,SAVINGS,False,9187.98,0.03,ACTIVE,2026-04-06T00:00:00Z
ACC-STUD-0115,aadhya.tripathi@okaxis,Aadhya Tripathi,SAVINGS,False,34544.78,0.07,ACTIVE,2025-10-07T00:00:00Z
ACC-STUD-0116,atharv.ray@okicici,Atharv Ray,SAVINGS,False,1629.42,0.06,ACTIVE,2025-06-23T00:00:00Z
ACC-STUD-0117,aadhya.singh@oktalb,Aadhya Singh,SAVINGS,False,21636.34,0.04,ACTIVE,2026-01-13T00:00:00Z
ACC-STUD-0118,vivaan.chopra@oksbi,Vivaan Chopra,SAVINGS,False,34493.39,0.05,ACTIVE,2026-05-20T00:00:00Z
ACC-STUD-0119,anvi.thakur@okfcc,Anvi Thakur,SAVINGS,False,17187.22,0.01,ACTIVE,2025-08-15T00:00:00Z
ACC-STUD-0120,tara.gupta@okicici,Tara Gupta,SAVINGS,False,26395.43,0.06,ACTIVE,2025-09-16T00:00:00Z
ACC-STUD-0121,isha.upadhyay@okaxis,Isha Upadhyay,SAVINGS,False,28855.93,0.07,ACTIVE,2026-04-14T00:00:00Z
ACC-STUD-0122,diya.singh@okhdfcbank,Diya Singh,SAVINGS,False,2404.70,0.06,ACTIVE,2025-12-29T00:00:00Z
ACC-STUD-0123,navya.paul@oktalb,Navya Paul,SAVINGS,False,11238.41,0.07,ACTIVE,2025-10-06T00:00:00Z
ACC-STUD-0124,pranav.sengupta@oksbi,Pranav Sengupta,SAVINGS,False,9618.83,0.07,ACTIVE,2026-01-27T00:00:00Z
ACC-STUD-0125,kriti.dutta@okicici,Kriti Dutta,SAVINGS,False,9636.71,0.06,ACTIVE,2025-09-25T00:00:00Z
ACC-STUD-0126,pooja.mukherjee@okicici,Pooja Mukherjee,SAVINGS,False,36791.45,0.03,ACTIVE,2025-07-06T00:00:00Z
ACC-STUD-0127,amit.bose@oktalb,Amit Bose,SAVINGS,False,13586.97,0.01,ACTIVE,2026-03-02T00:00:00Z
ACC-STUD-0128,aadhya.kumar@okfcc,Aadhya Kumar,SAVINGS,False,2896.39,0.05,ACTIVE,2025-10-14T00:00:00Z
ACC-STUD-0129,prisha.chatterjee@okaxis,Prisha Chatterjee,SAVINGS,False,37424.61,0.02,ACTIVE,2026-04-07T00:00:00Z
ACC-STUD-0130,aryan.iyer@oksbi,Aryan Iyer,SAVINGS,False,1561.73,0.07,ACTIVE,2026-01-10T00:00:00Z
ACC-STUD-0131,harsh.patel@okicici,Harsh Patel,SAVINGS,False,4054.04,0.06,ACTIVE,2026-01-07T00:00:00Z
ACC-STUD-0132,navya.chauhan@okicici,Navya Chauhan,SAVINGS,False,32452.56,0.06,ACTIVE,2026-05-06T00:00:00Z
ACC-STUD-0133,avani.tripathi@okicici,Avani Tripathi,SAVINGS,False,16406.34,0.04,ACTIVE,2026-05-08T00:00:00Z
ACC-STUD-0134,riya.upadhyay@okhdfcbank,Riya Upadhyay,SAVINGS,False,16846.29,0.08,ACTIVE,2025-09-07T00:00:00Z
ACC-STUD-0135,nirvaan.chauhan@okfcc,Nirvaan Chauhan,SAVINGS,False,16321.74,0.07,ACTIVE,2025-11-02T00:00:00Z
ACC-STUD-0136,avani.das@okhdfcbank,Avani Das,SAVINGS,False,30180.20,0.05,ACTIVE,2026-01-07T00:00:00Z
ACC-STUD-0137,siya.pandey@okaxis,Siya Pandey,SAVINGS,False,26160.39,0.05,ACTIVE,2026-01-13T00:00:00Z
ACC-STUD-0138,rudra.saxena@okicici,Rudra Saxena,SAVINGS,False,25730.67,0.05,ACTIVE,2026-02-19T00:00:00Z
ACC-STUD-0139,atharv.nair@oktalb,Atharv Nair,SAVINGS,False,9699.38,0.02,ACTIVE,2025-11-06T00:00:00Z
ACC-STUD-0140,vihaan.gupta@okhdfcbank,Vihaan Gupta,SAVINGS,False,23811.50,0.06,ACTIVE,2026-01-30T00:00:00Z
ACC-STUD-0141,kriti.paul@oktalb,Kriti Paul,SAVINGS,False,8596.89,0.06,ACTIVE,2026-03-22T00:00:00Z
ACC-STUD-0142,siddharth.bose@okhdfcbank,Siddharth Bose,SAVINGS,False,25446.12,0.01,ACTIVE,2025-08-15T00:00:00Z
ACC-STUD-0143,pranav.ray@okhdfcbank,Pranav Ray,SAVINGS,False,30850.01,0.06,ACTIVE,2025-08-30T00:00:00Z
ACC-STUD-0144,mehak.malhotra@okfcc,Mehak Malhotra,SAVINGS,False,34987.66,0.02,ACTIVE,2025-10-06T00:00:00Z
ACC-STUD-0145,kabir.pandey@oktalb,Kabir Pandey,SAVINGS,False,37558.07,0.05,ACTIVE,2026-02-27T00:00:00Z
ACC-STUD-0146,divya.chauhan@oktalb,Divya Chauhan,SAVINGS,False,17076.04,0.07,ACTIVE,2026-02-14T00:00:00Z
ACC-STUD-0147,shreya.singh@oktalb,Shreya Singh,SAVINGS,False,17927.55,0.06,ACTIVE,2026-01-30T00:00:00Z
ACC-STUD-0148,ananya.dubey@okaxis,Ananya Dubey,SAVINGS,False,10232.47,0.04,ACTIVE,2026-04-17T00:00:00Z
ACC-STUD-0149,myra.nair@okicici,Myra Nair,SAVINGS,False,13169.40,0.05,ACTIVE,2025-11-19T00:00:00Z
ACC-STUD-0150,kabir.kapoor@okhdfcbank,Kabir Kapoor,SAVINGS,False,26829.17,0.06,ACTIVE,2025-12-14T00:00:00Z
ACC-STUD-0151,krishna.paul@okaxis,Krishna Paul,SAVINGS,False,21305.31,0.04,ACTIVE,2025-11-17T00:00:00Z
ACC-STUD-0152,aarush.paul@okaxis,Aarush Paul,SAVINGS,False,36031.26,0.01,ACTIVE,2026-03-27T00:00:00Z
ACC-STUD-0153,aarna.tiwari@oksbi,Aarna Tiwari,SAVINGS,False,12399.36,0.04,ACTIVE,2025-11-28T00:00:00Z
ACC-STUD-0154,priya.chaubey@oktalb,Priya Chaubey,SAVINGS,False,30695.19,0.07,ACTIVE,2026-03-07T00:00:00Z
ACC-STUD-0155,vikram.reddy@okicici,Vikram Reddy,SAVINGS,False,19225.93,0.04,ACTIVE,2026-01-10T00:00:00Z
ACC-STUD-0156,pooja.singh@okaxis,Pooja Singh,SAVINGS,False,37296.35,0.05,ACTIVE,2025-08-05T00:00:00Z
ACC-STUD-0157,sneha.thakur@okfcc,Sneha Thakur,SAVINGS,False,2489.22,0.05,ACTIVE,2026-05-06T00:00:00Z
ACC-STUD-0158,kabir.pandey@okhdfcbank,Kabir Pandey,SAVINGS,False,10995.71,0.03,ACTIVE,2025-06-26T00:00:00Z
ACC-STUD-0159,kriti.chatterjee@okicici,Kriti Chatterjee,SAVINGS,False,11656.37,0.08,ACTIVE,2025-12-12T00:00:00Z
ACC-STUD-0160,priya.iyer@oksbi,Priya Iyer,SAVINGS,False,2207.49,0.05,ACTIVE,2026-01-27T00:00:00Z
ACC-STUD-0161,prisha.reddy@oktalb,Prisha Reddy,SAVINGS,False,30015.01,0.06,ACTIVE,2025-07-06T00:00:00Z
ACC-STUD-0162,vihaan.nair@okhdfcbank,Vihaan Nair,SAVINGS,False,24178.75,0.03,ACTIVE,2025-06-11T00:00:00Z
ACC-STUD-0163,rohan.chopra@okfcc,Rohan Chopra,SAVINGS,False,18473.74,0.03,ACTIVE,2025-09-20T00:00:00Z
ACC-STUD-0164,anvi.singh@okfcc,Anvi Singh,SAVINGS,False,36676.32,0.06,ACTIVE,2026-04-07T00:00:00Z
ACC-STUD-0165,kian.banerjee@oksbi,Kian Banerjee,SAVINGS,False,2437.26,0.03,ACTIVE,2026-03-24T00:00:00Z
ACC-STUD-0166,aarna.bose@oktalb,Aarna Bose,SAVINGS,False,4273.87,0.06,ACTIVE,2025-09-10T00:00:00Z
ACC-STUD-0167,saanvi.mehta@oktalb,Saanvi Mehta,SAVINGS,False,32535.70,0.05,ACTIVE,2025-11-02T00:00:00Z
ACC-STUD-0168,aaryan.jha@oksbi,Aaryan Jha,SAVINGS,False,20945.20,0.06,ACTIVE,2025-11-25T00:00:00Z
ACC-STUD-0169,krishna.tripathi@oktalb,Krishna Tripathi,SAVINGS,False,1961.80,0.04,ACTIVE,2025-11-22T00:00:00Z
ACC-STUD-0170,vikram.mehta@okaxis,Vikram Mehta,SAVINGS,False,24698.86,0.07,ACTIVE,2025-12-03T00:00:00Z
ACC-STUD-0171,darsh.ray@okhdfcbank,Darsh Ray,SAVINGS,False,36739.79,0.03,ACTIVE,2026-02-23T00:00:00Z
ACC-STUD-0172,harsh.tiwari@okaxis,Harsh Tiwari,SAVINGS,False,31639.31,0.05,ACTIVE,2026-01-10T00:00:00Z
ACC-STUD-0173,siya.nair@oksbi,Siya Nair,SAVINGS,False,33679.54,0.03,ACTIVE,2025-10-21T00:00:00Z
ACC-STUD-0174,mehak.jha@okfcc,Mehak Jha,SAVINGS,False,15333.11,0.01,ACTIVE,2026-05-09T00:00:00Z
ACC-STUD-0175,siya.kumar@okaxis,Siya Kumar,SAVINGS,False,14451.11,0.03,ACTIVE,2025-09-17T00:00:00Z
ACC-STUD-0176,ananya.yadav@oktalb,Ananya Yadav,SAVINGS,False,21786.37,0.05,ACTIVE,2025-10-20T00:00:00Z
ACC-STUD-0177,aryan.saxena@okhdfcbank,Aryan Saxena,SAVINGS,False,19333.09,0.06,ACTIVE,2025-12-26T00:00:00Z
ACC-STUD-0178,rohan.shukla@okaxis,Rohan Shukla,SAVINGS,False,4896.45,0.03,ACTIVE,2025-06-09T00:00:00Z
ACC-STUD-0179,saanvi.banerjee@oktalb,Saanvi Banerjee,SAVINGS,False,14969.25,0.05,ACTIVE,2026-03-25T00:00:00Z
ACC-STUD-0180,prisha.ray@oktalb,Prisha Ray,SAVINGS,False,13573.88,0.06,ACTIVE,2026-03-09T00:00:00Z
ACC-STUD-0181,pari.banerjee@okicici,Pari Banerjee,SAVINGS,False,5903.94,0.02,ACTIVE,2025-09-27T00:00:00Z
ACC-STUD-0182,aaryan.chaubey@oktalb,Aaryan Chaubey,SAVINGS,False,8491.25,0.06,ACTIVE,2025-09-03T00:00:00Z
ACC-STUD-0183,ananya.thakur@okfcc,Ananya Thakur,SAVINGS,False,11829.45,0.02,ACTIVE,2026-04-02T00:00:00Z
ACC-STUD-0184,aryan.das@okhdfcbank,Aryan Das,SAVINGS,False,8049.62,0.01,ACTIVE,2025-12-02T00:00:00Z
ACC-STUD-0185,harsh.joshi@okicici,Harsh Joshi,SAVINGS,False,37061.76,0.05,ACTIVE,2025-06-24T00:00:00Z
ACC-STUD-0186,dhruv.shukla@oksbi,Dhruv Shukla,SAVINGS,False,22453.34,0.04,ACTIVE,2025-06-07T00:00:00Z
ACC-STUD-0187,divya.mukherjee@okhdfcbank,Divya Mukherjee,SAVINGS,False,10715.46,0.07,ACTIVE,2025-06-27T00:00:00Z
ACC-STUD-0188,advaith.bhatia@okaxis,Advaith Bhatia,SAVINGS,False,4204.00,0.05,ACTIVE,2026-02-07T00:00:00Z
ACC-STUD-0189,reyansh.kapoor@okhdfcbank,Reyansh Kapoor,SAVINGS,False,36143.09,0.02,ACTIVE,2026-03-16T00:00:00Z
ACC-STUD-0190,saanvi.chopra@okfcc,Saanvi Chopra,SAVINGS,False,23630.59,0.07,ACTIVE,2025-12-31T00:00:00Z
ACC-STUD-0191,anay.dubey@okaxis,Anay Dubey,SAVINGS,False,34660.41,0.03,ACTIVE,2026-01-17T00:00:00Z
ACC-STUD-0192,tanvi.banerjee@okfcc,Tanvi Banerjee,SAVINGS,False,3698.41,0.08,ACTIVE,2026-04-14T00:00:00Z
ACC-STUD-0193,advik.shah@oktalb,Advik Shah,SAVINGS,False,11159.58,0.02,ACTIVE,2025-09-17T00:00:00Z
ACC-STUD-0194,diya.kumar@okfcc,Diya Kumar,SAVINGS,False,7213.44,0.04,ACTIVE,2025-07-09T00:00:00Z
ACC-STUD-0195,rohan.das@oksbi,Rohan Das,SAVINGS,False,12015.83,0.03,ACTIVE,2025-09-27T00:00:00Z
ACC-STUD-0196,kriti.bhatia@oktalb,Kriti Bhatia,SAVINGS,False,35222.75,0.07,ACTIVE,2025-09-28T00:00:00Z
ACC-STUD-0197,aaditya.ray@oksbi,Aaditya Ray,SAVINGS,False,9705.54,0.02,ACTIVE,2026-03-06T00:00:00Z
ACC-STUD-0198,pari.kapoor@oksbi,Pari Kapoor,SAVINGS,False,7556.18,0.03,ACTIVE,2025-07-01T00:00:00Z
ACC-STUD-0199,myra.mishra@oksbi,Myra Mishra,SAVINGS,False,26636.75,0.06,ACTIVE,2026-01-26T00:00:00Z
ACC-STUD-0200,pari.tripathi@okfcc,Pari Tripathi,SAVINGS,False,17478.20,0.05,ACTIVE,2026-02-08T00:00:00Z
ACC-STUD-0201,swati.chatterjee@okfcc,Swati Chatterjee,SAVINGS,False,2444.07,0.03,ACTIVE,2025-10-07T00:00:00Z
ACC-STUD-0202,aditya.rao@okfcc,Aditya Rao,SAVINGS,False,29353.48,0.02,ACTIVE,2025-06-21T00:00:00Z
ACC-STUD-0203,kunal.mishra@okicici,Kunal Mishra,SAVINGS,False,37888.51,0.04,ACTIVE,2025-09-01T00:00:00Z
ACC-STUD-0204,vikram.saxena@okaxis,Vikram Saxena,SAVINGS,False,16404.71,0.03,ACTIVE,2025-11-26T00:00:00Z
ACC-STUD-0205,pranav.singh@okicici,Pranav Singh,SAVINGS,False,26819.09,0.03,ACTIVE,2025-12-28T00:00:00Z
ACC-STUD-0206,pooja.upadhyay@oksbi,Pooja Upadhyay,SAVINGS,False,4714.18,0.03,ACTIVE,2026-01-19T00:00:00Z
ACC-STUD-0207,advaith.bose@okfcc,Advaith Bose,SAVINGS,False,25504.60,0.05,ACTIVE,2025-06-01T00:00:00Z
ACC-STUD-0208,neha.malhotra@okhdfcbank,Neha Malhotra,SAVINGS,False,14704.95,0.06,ACTIVE,2026-02-21T00:00:00Z
ACC-STUD-0209,divya.malhotra@okhdfcbank,Divya Malhotra,SAVINGS,False,21546.52,0.07,ACTIVE,2025-10-15T00:00:00Z
ACC-STUD-0210,divya.shukla@oksbi,Divya Shukla,SAVINGS,False,37019.86,0.05,ACTIVE,2025-06-15T00:00:00Z
ACC-STUD-0211,diya.singh@okicici,Diya Singh,SAVINGS,False,1999.12,0.04,ACTIVE,2026-03-10T00:00:00Z
ACC-STUD-0212,anay.chopra@okaxis,Anay Chopra,SAVINGS,False,25141.40,0.02,ACTIVE,2025-07-31T00:00:00Z
ACC-STUD-0213,riya.tripathi@oktalb,Riya Tripathi,SAVINGS,False,16665.40,0.04,ACTIVE,2025-10-18T00:00:00Z
ACC-STUD-0214,rohan.nair1@okaxis,Rohan Nair,SAVINGS,False,6779.43,0.02,ACTIVE,2026-03-10T00:00:00Z
ACC-STUD-0215,amit.joshi@oksbi,Amit Joshi,SAVINGS,False,29702.64,0.07,ACTIVE,2025-10-20T00:00:00Z
ACC-STUD-0216,rhea.tripathi@okicici,Rhea Tripathi,SAVINGS,False,11823.62,0.03,ACTIVE,2025-06-02T00:00:00Z
ACC-STUD-0217,vikram.kapoor@okaxis,Vikram Kapoor,SAVINGS,False,19178.46,0.03,ACTIVE,2026-03-03T00:00:00Z
ACC-STUD-0218,deepak.sengupta@okaxis,Deepak Sengupta,SAVINGS,False,33240.46,0.08,ACTIVE,2025-11-12T00:00:00Z
ACC-STUD-0219,diya.jha@okaxis,Diya Jha,SAVINGS,False,32744.47,0.04,ACTIVE,2025-09-28T00:00:00Z
ACC-STUD-0220,ira.tiwari@oktalb,Ira Tiwari,SAVINGS,False,15591.87,0.06,ACTIVE,2025-12-13T00:00:00Z
ACC-STUD-0221,darsh.shukla@oksbi,Darsh Shukla,SAVINGS,False,19833.63,0.05,ACTIVE,2025-08-04T00:00:00Z
ACC-STUD-0222,advik.mishra@oksbi,Advik Mishra,SAVINGS,False,34731.12,0.01,ACTIVE,2026-02-25T00:00:00Z
ACC-STUD-0223,ritvik.paul@oktalb,Ritvik Paul,SAVINGS,False,4231.23,0.06,ACTIVE,2025-08-19T00:00:00Z
ACC-STUD-0224,aadhya.mukherjee@okfcc,Aadhya Mukherjee,SAVINGS,False,16008.14,0.02,ACTIVE,2026-05-21T00:00:00Z
ACC-STUD-0225,navya.chaubey@okaxis,Navya Chaubey,SAVINGS,False,24378.17,0.07,ACTIVE,2025-11-10T00:00:00Z
ACC-STUD-0226,vikram.chaubey@oksbi,Vikram Chaubey,SAVINGS,False,3997.36,0.05,ACTIVE,2026-04-13T00:00:00Z
ACC-STUD-0227,myra.reddy@oktalb,Myra Reddy,SAVINGS,False,17339.96,0.02,ACTIVE,2025-07-17T00:00:00Z
ACC-STUD-0228,advik.mishra@okhdfcbank,Advik Mishra,SAVINGS,False,12430.51,0.01,ACTIVE,2026-05-22T00:00:00Z
ACC-STUD-0229,siya.malhotra@okicici,Siya Malhotra,SAVINGS,False,15181.70,0.02,ACTIVE,2025-12-01T00:00:00Z
ACC-STUD-0230,ayush.paul@okfcc,Ayush Paul,SAVINGS,False,30426.96,0.02,ACTIVE,2026-05-16T00:00:00Z
ACC-STUD-0231,shaurya.chauhan@okaxis,Shaurya Chauhan,SAVINGS,False,26434.41,0.04,ACTIVE,2026-04-14T00:00:00Z
ACC-STUD-0232,ritvik.reddy@okaxis,Ritvik Reddy,SAVINGS,False,10770.17,0.03,ACTIVE,2026-04-23T00:00:00Z
ACC-STUD-0233,vivaan.pandey@okicici,Vivaan Pandey,SAVINGS,False,21450.83,0.02,ACTIVE,2026-05-13T00:00:00Z
ACC-STUD-0234,prisha.thakur@okicici,Prisha Thakur,SAVINGS,False,36614.06,0.06,ACTIVE,2026-04-24T00:00:00Z
ACC-STUD-0235,kriti.banerjee@okhdfcbank,Kriti Banerjee,SAVINGS,False,32646.74,0.02,ACTIVE,2025-12-14T00:00:00Z
ACC-STUD-0236,aarna.jha@okicici,Aarna Jha,SAVINGS,False,12299.34,0.06,ACTIVE,2026-03-22T00:00:00Z
ACC-STUD-0237,aditya.bose@okicici,Aditya Bose,SAVINGS,False,22156.41,0.06,ACTIVE,2025-06-05T00:00:00Z
ACC-STUD-0238,reyansh.yadav@oktalb,Reyansh Yadav,SAVINGS,False,31898.62,0.07,ACTIVE,2026-02-10T00:00:00Z
ACC-STUD-0239,rishi.yadav@okicici,Rishi Yadav,SAVINGS,False,24736.55,0.05,ACTIVE,2025-09-21T00:00:00Z
ACC-STUD-0240,kabir.mehta@oktalb,Kabir Mehta,SAVINGS,False,2938.92,0.07,ACTIVE,2026-04-27T00:00:00Z
ACC-STUD-0241,arjun.thakur@okicici,Arjun Thakur,SAVINGS,False,4789.87,0.03,ACTIVE,2025-08-07T00:00:00Z
ACC-STUD-0242,priya.kumar@okhdfcbank,Priya Kumar,SAVINGS,False,30207.72,0.07,ACTIVE,2025-08-07T00:00:00Z
ACC-STUD-0243,tara.dubey@okfcc,Tara Dubey,SAVINGS,False,31812.25,0.03,ACTIVE,2025-10-18T00:00:00Z
ACC-STUD-0244,rahul.das@oktalb,Rahul Das,SAVINGS,False,30854.49,0.04,ACTIVE,2025-11-21T00:00:00Z
ACC-STUD-0245,ishaan.kapoor@okhdfcbank,Ishaan Kapoor,SAVINGS,False,27933.91,0.08,ACTIVE,2026-05-13T00:00:00Z
ACC-STUD-0246,tara.saxena@okaxis,Tara Saxena,SAVINGS,False,11152.74,0.02,ACTIVE,2025-06-08T00:00:00Z
ACC-STUD-0247,anvi.iyer@okfcc,Anvi Iyer,SAVINGS,False,31518.23,0.08,ACTIVE,2025-12-13T00:00:00Z
ACC-STUD-0248,pranav.reddy@okaxis,Pranav Reddy,SAVINGS,False,24113.46,0.08,ACTIVE,2025-06-13T00:00:00Z
ACC-STUD-0249,siya.chauhan@okhdfcbank,Siya Chauhan,SAVINGS,False,3807.42,0.07,ACTIVE,2026-04-28T00:00:00Z
ACC-STUD-0250,avani.paul@oksbi,Avani Paul,SAVINGS,False,3155.16,0.01,ACTIVE,2025-08-11T00:00:00Z
ACC-STUD-0251,siddharth.chopra@oksbi,Siddharth Chopra,SAVINGS,False,33884.96,0.02,ACTIVE,2025-09-29T00:00:00Z
ACC-STUD-0252,kriti.ghosh@oktalb,Kriti Ghosh,SAVINGS,False,36028.05,0.04,ACTIVE,2026-05-23T00:00:00Z
ACC-STUD-0253,darsh.paul@oktalb,Darsh Paul,SAVINGS,False,31929.80,0.05,ACTIVE,2025-07-21T00:00:00Z
ACC-STUD-0254,ananya.gupta@oktalb,Ananya Gupta,SAVINGS,False,9430.34,0.04,ACTIVE,2025-12-07T00:00:00Z
ACC-STUD-0255,diya.ghosh@oksbi,Diya Ghosh,SAVINGS,False,14907.73,0.07,ACTIVE,2026-05-18T00:00:00Z
ACC-STUD-0256,isha.malhotra@okaxis,Isha Malhotra,SAVINGS,False,8428.01,0.02,ACTIVE,2025-10-20T00:00:00Z
ACC-STUD-0257,kriti.saxena@oktalb,Kriti Saxena,SAVINGS,False,24922.21,0.05,ACTIVE,2025-09-17T00:00:00Z
ACC-STUD-0258,aditya.malhotra@okicici,Aditya Malhotra,SAVINGS,False,37591.96,0.07,ACTIVE,2025-10-03T00:00:00Z
ACC-STUD-0259,aarush.bhatia@okfcc,Aarush Bhatia,SAVINGS,False,22902.98,0.07,ACTIVE,2025-09-15T00:00:00Z
ACC-STUD-0260,rishi.mukherjee@okhdfcbank,Rishi Mukherjee,SAVINGS,False,1603.50,0.07,ACTIVE,2026-04-02T00:00:00Z
ACC-STUD-0261,ritvik.joshi@okfcc,Ritvik Joshi,SAVINGS,False,30645.75,0.02,ACTIVE,2025-10-07T00:00:00Z
ACC-STUD-0262,vihaan.joshi@oksbi,Vihaan Joshi,SAVINGS,False,30334.44,0.03,ACTIVE,2025-12-01T00:00:00Z
ACC-STUD-0263,siya.verma@okhdfcbank,Siya Verma,SAVINGS,False,3412.56,0.06,ACTIVE,2025-10-14T00:00:00Z
ACC-STUD-0264,ayush.chopra@oktalb,Ayush Chopra,SAVINGS,False,18882.98,0.06,ACTIVE,2025-07-03T00:00:00Z
ACC-STUD-0265,amit.thakur@oksbi,Amit Thakur,SAVINGS,False,19890.11,0.08,ACTIVE,2026-01-18T00:00:00Z
ACC-STUD-0266,sai.dubey@okicici,Sai Dubey,SAVINGS,False,24981.93,0.01,ACTIVE,2026-01-21T00:00:00Z
ACC-STUD-0267,rahul.bose@okaxis,Rahul Bose,SAVINGS,False,5440.61,0.06,ACTIVE,2026-05-18T00:00:00Z
ACC-STUD-0268,divya.bhatia@oksbi,Divya Bhatia,SAVINGS,False,23702.86,0.01,ACTIVE,2025-11-12T00:00:00Z
ACC-STUD-0269,ananya.chauhan@oktalb,Ananya Chauhan,SAVINGS,False,21515.01,0.03,ACTIVE,2026-03-27T00:00:00Z
ACC-STUD-0270,ayush.das@okaxis,Ayush Das,SAVINGS,False,23598.08,0.02,ACTIVE,2026-02-14T00:00:00Z
ACC-STUD-0271,advaith.upadhyay@oktalb,Advaith Upadhyay,SAVINGS,False,17197.55,0.07,ACTIVE,2025-09-19T00:00:00Z
ACC-STUD-0272,neha.mukherjee@okaxis,Neha Mukherjee,SAVINGS,False,16683.62,0.02,ACTIVE,2025-12-22T00:00:00Z
ACC-STUD-0273,tanvi.chatterjee@oktalb,Tanvi Chatterjee,SAVINGS,False,15161.99,0.02,ACTIVE,2025-10-09T00:00:00Z
ACC-STUD-0274,rohan.bhatia@oksbi,Rohan Bhatia,SAVINGS,False,4902.90,0.02,ACTIVE,2025-07-14T00:00:00Z
ACC-STUD-0275,anvi.joshi@okfcc,Anvi Joshi,SAVINGS,False,22905.98,0.05,ACTIVE,2025-07-01T00:00:00Z
ACC-STUD-0276,navya.chopra@okaxis,Navya Chopra,SAVINGS,False,33386.67,0.08,ACTIVE,2025-11-29T00:00:00Z
ACC-STUD-0277,tanvi.malhotra@okicici,Tanvi Malhotra,SAVINGS,False,12904.38,0.02,ACTIVE,2026-04-04T00:00:00Z
ACC-STUD-0278,gaurav.shah@okhdfcbank,Gaurav Shah,SAVINGS,False,19099.91,0.07,ACTIVE,2026-05-03T00:00:00Z
ACC-STUD-0279,prisha.upadhyay@okicici,Prisha Upadhyay,SAVINGS,False,29335.11,0.05,ACTIVE,2025-07-29T00:00:00Z
ACC-STUD-0280,tanvi.upadhyay@okfcc,Tanvi Upadhyay,SAVINGS,False,26136.65,0.05,ACTIVE,2026-04-11T00:00:00Z
ACC-STUD-0281,pari.verma@okhdfcbank,Pari Verma,SAVINGS,False,27148.51,0.03,ACTIVE,2025-10-18T00:00:00Z
ACC-STUD-0282,rhea.dutta@oksbi,Rhea Dutta,SAVINGS,False,33249.99,0.05,ACTIVE,2025-09-01T00:00:00Z
ACC-STUD-0283,pooja.bhatia@okhdfcbank,Pooja Bhatia,SAVINGS,False,36971.08,0.02,ACTIVE,2026-04-21T00:00:00Z
ACC-STUD-0284,ayush.shah@okaxis,Ayush Shah,SAVINGS,False,18058.07,0.02,ACTIVE,2026-01-01T00:00:00Z
ACC-STUD-0285,kiara.chatterjee@okfcc,Kiara Chatterjee,SAVINGS,False,4600.93,0.01,ACTIVE,2026-04-02T00:00:00Z
ACC-STUD-0286,kian.chauhan@oksbi,Kian Chauhan,SAVINGS,False,4477.73,0.04,ACTIVE,2026-05-12T00:00:00Z
ACC-STUD-0287,tanvi.shukla@okfcc,Tanvi Shukla,SAVINGS,False,16617.71,0.03,ACTIVE,2026-01-13T00:00:00Z
ACC-STUD-0288,amit.chopra@okicici,Amit Chopra,SAVINGS,False,5547.48,0.06,ACTIVE,2026-01-07T00:00:00Z
ACC-STUD-0289,vikram.dubey@oktalb,Vikram Dubey,SAVINGS,False,3157.73,0.04,ACTIVE,2025-11-05T00:00:00Z
ACC-STUD-0290,ayaan.sharma@okhdfcbank,Ayaan Sharma,SAVINGS,False,36004.33,0.06,ACTIVE,2025-11-02T00:00:00Z
ACC-STUD-0291,aanya.das@okicici,Aanya Das,SAVINGS,False,1782.14,0.06,ACTIVE,2025-08-01T00:00:00Z
ACC-STUD-0292,nirvaan.joshi@okaxis,Nirvaan Joshi,SAVINGS,False,27184.00,0.05,ACTIVE,2026-02-28T00:00:00Z
ACC-STUD-0293,isha.bhatia@okaxis,Isha Bhatia,SAVINGS,False,17422.02,0.04,ACTIVE,2025-06-22T00:00:00Z
ACC-STUD-0294,ishaan.chatterjee@okfcc,Ishaan Chatterjee,SAVINGS,False,22429.09,0.06,ACTIVE,2026-01-06T00:00:00Z
ACC-STUD-0295,priya.das@oksbi,Priya Das,SAVINGS,False,2261.26,0.03,ACTIVE,2025-12-25T00:00:00Z
ACC-STUD-0296,kriti.ghosh@oksbi,Kriti Ghosh,SAVINGS,False,32323.68,0.03,ACTIVE,2026-01-10T00:00:00Z
ACC-STUD-0297,pooja.dubey@oksbi,Pooja Dubey,SAVINGS,False,33274.14,0.06,ACTIVE,2025-12-20T00:00:00Z
ACC-STUD-0298,anay.mukherjee@okhdfcbank,Anay Mukherjee,SAVINGS,False,20132.64,0.02,ACTIVE,2025-07-10T00:00:00Z
ACC-STUD-0299,amit.patel@okicici,Amit Patel,SAVINGS,False,28049.34,0.07,ACTIVE,2025-11-27T00:00:00Z
ACC-STUD-0300,ritvik.nair@oksbi,Ritvik Nair,SAVINGS,False,10842.84,0.02,ACTIVE,2025-08-14T00:00:00Z
ACC-STUD-0301,darsh.bhatia@okhdfcbank,Darsh Bhatia,SAVINGS,False,19535.27,0.06,ACTIVE,2026-04-18T00:00:00Z
ACC-STUD-0302,shreya.jha@oktalb,Shreya Jha,SAVINGS,False,37508.42,0.03,ACTIVE,2026-04-22T00:00:00Z
ACC-STUD-0303,ira.kapoor@okaxis,Ira Kapoor,SAVINGS,False,18615.62,0.05,ACTIVE,2025-07-05T00:00:00Z
ACC-STUD-0304,ananya.thakur@oksbi,Ananya Thakur,SAVINGS,False,20017.80,0.03,ACTIVE,2025-11-28T00:00:00Z
ACC-STUD-0305,shreya.gupta@oksbi,Shreya Gupta,SAVINGS,False,31856.93,0.02,ACTIVE,2025-12-06T00:00:00Z
ACC-STUD-0306,atharv.chauhan@okfcc,Atharv Chauhan,SAVINGS,False,15533.61,0.05,ACTIVE,2026-02-15T00:00:00Z
ACC-STUD-0307,sai.mishra@okfcc,Sai Mishra,SAVINGS,False,8370.74,0.05,ACTIVE,2026-04-30T00:00:00Z
ACC-STUD-0308,gaurav.kapoor@oksbi,Gaurav Kapoor,SAVINGS,False,5277.82,0.07,ACTIVE,2026-01-17T00:00:00Z
ACC-STUD-0309,rhea.saxena@okfcc,Rhea Saxena,SAVINGS,False,7798.40,0.03,ACTIVE,2026-04-27T00:00:00Z
ACC-STUD-0310,divya.mishra@okfcc,Divya Mishra,SAVINGS,False,23757.90,0.04,ACTIVE,2026-02-23T00:00:00Z
ACC-STUD-0311,myra.sengupta@okaxis,Myra Sengupta,SAVINGS,False,26279.77,0.01,ACTIVE,2025-11-21T00:00:00Z
ACC-STUD-0312,navya.bhatia@okicici,Navya Bhatia,SAVINGS,False,21865.66,0.04,ACTIVE,2025-07-19T00:00:00Z
ACC-STUD-0313,aanya.yadav@okhdfcbank,Aanya Yadav,SAVINGS,False,4474.82,0.06,ACTIVE,2025-11-18T00:00:00Z
ACC-STUD-0314,prisha.banerjee@oktalb,Prisha Banerjee,SAVINGS,False,25667.93,0.02,ACTIVE,2026-05-24T00:00:00Z
ACC-STUD-0315,shaurya.banerjee@okfcc,Shaurya Banerjee,SAVINGS,False,24987.50,0.03,ACTIVE,2025-12-10T00:00:00Z
ACC-STUD-0316,dhruv.dubey@oksbi,Dhruv Dubey,SAVINGS,False,25971.65,0.05,ACTIVE,2026-04-27T00:00:00Z
ACC-STUD-0317,aditya.ghosh@okicici,Aditya Ghosh,SAVINGS,False,36217.68,0.03,ACTIVE,2025-09-01T00:00:00Z
ACC-STUD-0318,vikram.patel@okhdfcbank,Vikram Patel,SAVINGS,False,7155.50,0.03,ACTIVE,2025-08-10T00:00:00Z
ACC-STUD-0319,advik.tripathi@okfcc,Advik Tripathi,SAVINGS,False,2877.78,0.03,ACTIVE,2026-02-25T00:00:00Z
ACC-STUD-0320,dhruv.yadav@okaxis,Dhruv Yadav,SAVINGS,False,7422.02,0.07,ACTIVE,2025-08-18T00:00:00Z
ACC-STUD-0321,rudra.mishra@oksbi,Rudra Mishra,SAVINGS,False,14796.93,0.06,ACTIVE,2025-12-28T00:00:00Z
ACC-STUD-0322,divya.chauhan@okicici,Divya Chauhan,SAVINGS,False,10041.11,0.03,ACTIVE,2026-01-16T00:00:00Z
ACC-STUD-0323,rohan.patel@okicici,Rohan Patel,SAVINGS,False,36070.25,0.08,ACTIVE,2026-05-14T00:00:00Z
ACC-STUD-0324,mehak.das@okaxis,Mehak Das,SAVINGS,False,20752.28,0.08,ACTIVE,2026-02-13T00:00:00Z
ACC-STUD-0325,aaditya.yadav@okhdfcbank,Aaditya Yadav,SAVINGS,False,3404.56,0.04,ACTIVE,2025-10-07T00:00:00Z
ACC-STUD-0326,anvi.upadhyay@oksbi,Anvi Upadhyay,SAVINGS,False,32567.56,0.03,ACTIVE,2026-02-20T00:00:00Z
ACC-STUD-0327,kian.rao@okaxis,Kian Rao,SAVINGS,False,6878.23,0.04,ACTIVE,2026-02-18T00:00:00Z
ACC-STUD-0328,anay.mishra@okicici,Anay Mishra,SAVINGS,False,16643.74,0.04,ACTIVE,2025-06-14T00:00:00Z
ACC-STUD-0329,anvi.nair@okaxis,Anvi Nair,SAVINGS,False,15184.31,0.01,ACTIVE,2025-07-12T00:00:00Z
ACC-STUD-0330,advik.mukherjee@okhdfcbank,Advik Mukherjee,SAVINGS,False,2898.07,0.07,ACTIVE,2025-08-10T00:00:00Z
ACC-STUD-0331,rohan.joshi@oktalb,Rohan Joshi,SAVINGS,False,17873.95,0.01,ACTIVE,2026-01-27T00:00:00Z
ACC-STUD-0332,shaurya.verma@okicici,Shaurya Verma,SAVINGS,False,31976.15,0.05,ACTIVE,2025-09-19T00:00:00Z
ACC-STUD-0333,ayush.ray@oksbi,Ayush Ray,SAVINGS,False,10173.87,0.02,ACTIVE,2025-10-26T00:00:00Z
ACC-STUD-0334,diya.paul@oktalb,Diya Paul,SAVINGS,False,18184.65,0.02,ACTIVE,2026-04-15T00:00:00Z
ACC-STUD-0335,siddharth.yadav@okfcc,Siddharth Yadav,SAVINGS,False,24566.36,0.05,ACTIVE,2025-06-09T00:00:00Z
ACC-STUD-0336,ritvik.das@okaxis,Ritvik Das,SAVINGS,False,23940.55,0.03,ACTIVE,2025-06-01T00:00:00Z
ACC-STUD-0337,priya.kumar@oktalb,Priya Kumar,SAVINGS,False,4624.91,0.08,ACTIVE,2026-05-09T00:00:00Z
ACC-STUD-0338,krishna.dubey@okfcc,Krishna Dubey,SAVINGS,False,30204.05,0.05,ACTIVE,2026-02-15T00:00:00Z
ACC-STUD-0339,aditya.sengupta@okaxis,Aditya Sengupta,SAVINGS,False,24701.98,0.08,ACTIVE,2025-06-23T00:00:00Z
ACC-STUD-0340,aanya.verma@okicici,Aanya Verma,SAVINGS,False,14085.29,0.06,ACTIVE,2025-07-05T00:00:00Z
ACC-STUD-0341,pranav.thakur@oktalb,Pranav Thakur,SAVINGS,False,6369.45,0.03,ACTIVE,2025-11-18T00:00:00Z
ACC-STUD-0342,rhea.kumar@oktalb,Rhea Kumar,SAVINGS,False,37299.90,0.04,ACTIVE,2026-01-24T00:00:00Z
ACC-STUD-0343,devansh.joshi@oksbi,Devansh Joshi,SAVINGS,False,2849.91,0.02,ACTIVE,2026-01-21T00:00:00Z
ACC-STUD-0344,aaditya.gupta@okicici,Aaditya Gupta,SAVINGS,False,20311.50,0.08,ACTIVE,2025-11-06T00:00:00Z
ACC-STUD-0345,deepak.tiwari@okicici,Deepak Tiwari,SAVINGS,False,28995.12,0.02,ACTIVE,2025-06-19T00:00:00Z
ACC-STUD-0346,isha.malhotra@oktalb,Isha Malhotra,SAVINGS,False,11472.41,0.07,ACTIVE,2025-11-17T00:00:00Z
ACC-STUD-0347,swati.bose@oktalb,Swati Bose,SAVINGS,False,34154.27,0.04,ACTIVE,2026-01-12T00:00:00Z
ACC-STUD-0348,devansh.shukla@oktalb,Devansh Shukla,SAVINGS,False,14908.16,0.07,ACTIVE,2026-02-10T00:00:00Z
ACC-STUD-0349,pari.saxena@oktalb,Pari Saxena,SAVINGS,False,4380.84,0.05,ACTIVE,2026-01-04T00:00:00Z
ACC-STUD-0350,devansh.chaubey@okicici,Devansh Chaubey,SAVINGS,False,5244.82,0.03,ACTIVE,2025-11-12T00:00:00Z
ACC_004,diya.joshi3@talb,Diya Joshi,SAVINGS,False,20522.19,0.15,ACTIVE,2023-11-20T00:00:00Z
ACC_005,aditya.patel4@talb,Aditya Patel,SAVINGS,False,41557.71,0.06,ACTIVE,2023-06-02T00:00:00Z
ACC_008,kavya.das7@talb,Kavya Das,SAVINGS,False,131363.67,0.04,ACTIVE,2023-05-14T00:00:00Z
ACC_010,sneha.chauhan9@talb,Sneha Chauhan,SAVINGS,False,91305.13,0.19,ACTIVE,2023-05-19T00:00:00Z
ACC_014,kabir.chauhan13@talb,Kabir Chauhan,SAVINGS,False,141191.03,0.02,ACTIVE,2022-01-28T00:00:00Z
ACC_016,yash.joshi15@talb,Yash Joshi,SAVINGS,False,100525.90,0.18,ACTIVE,2023-01-29T00:00:00Z
ACC_017,krishna.patel16@talb,Krishna Patel,SAVINGS,False,148599.25,0.03,ACTIVE,2024-06-03T00:00:00Z
ACC_021,ananya.sharma20@talb,Ananya Sharma,SAVINGS,False,60994.86,0.09,ACTIVE,2024-06-12T00:00:00Z
ACC_022,sneha.menon21@talb,Sneha Menon,SAVINGS,False,182519.73,0.07,ACTIVE,2024-02-08T00:00:00Z
ACC_028,kabir.rao27@talb,Kabir Rao,SAVINGS,False,84901.74,0.14,ACTIVE,2022-09-11T00:00:00Z
ACC_030,ira.das29@talb,Ira Das,SAVINGS,False,145030.63,0.20,ACTIVE,2022-09-22T00:00:00Z
ACC_034,aarav.das33@talb,Aarav Das,SAVINGS,False,183765.29,0.19,ACTIVE,2023-05-17T00:00:00Z
ACC_035,reyansh.kapoor34@talb,Reyansh Kapoor,SAVINGS,False,99411.85,0.15,ACTIVE,2023-03-31T00:00:00Z
ACC_040,ishaan.patel39@talb,Ishaan Patel,SAVINGS,False,10583.65,0.06,ACTIVE,2023-01-01T00:00:00Z
ACC_041,krishna.bose40@talb,Krishna Bose,SAVINGS,False,29287.42,0.07,ACTIVE,2023-01-12T00:00:00Z
ACC_042,vivaan.mehta41@talb,Vivaan Mehta,SAVINGS,False,90110.35,0.14,ACTIVE,2024-01-03T00:00:00Z
ACC_044,neha.menon43@talb,Neha Menon,SAVINGS,False,147998.30,0.10,ACTIVE,2022-05-31T00:00:00Z
ACC_051,ananya.kumar50@talb,Ananya Kumar,SAVINGS,False,60576.91,0.15,ACTIVE,2023-09-20T00:00:00Z
ACC_052,aadhya.mehta51@talb,Aadhya Mehta,SAVINGS,False,116320.89,0.12,ACTIVE,2023-02-20T00:00:00Z
ACC_055,ishaan.reddy54@talb,Ishaan Reddy,SAVINGS,False,155702.29,0.19,ACTIVE,2024-03-21T00:00:00Z
ACC_060,yash.pillai59@talb,Yash Pillai,SAVINGS,False,133426.89,0.10,ACTIVE,2023-09-19T00:00:00Z
ACC_061,sneha.mehta60@talb,Sneha Mehta,SAVINGS,False,155801.01,0.07,ACTIVE,2023-03-23T00:00:00Z
ACC_064,aadhya.kapoor63@talb,Aadhya Kapoor,SAVINGS,False,169753.39,0.04,ACTIVE,2022-12-09T00:00:00Z
ACC_066,dhruv.malhotra65@talb,Dhruv Malhotra,SAVINGS,False,90232.31,0.10,ACTIVE,2022-09-29T00:00:00Z
ACC_069,ananya.singh68@talb,Ananya Singh,SAVINGS,False,133599.58,0.17,ACTIVE,2023-07-01T00:00:00Z
ACC_073,aarav.chauhan72@talb,Aarav Chauhan,SAVINGS,False,110937.39,0.16,ACTIVE,2022-11-05T00:00:00Z
ACC_077,ira.menon76@talb,Ira Menon,SAVINGS,False,62790.04,0.09,ACTIVE,2022-11-26T00:00:00Z
ACC_079,sai.sharma78@talb,Sai Sharma,SAVINGS,False,179767.24,0.03,ACTIVE,2023-03-22T00:00:00Z
ACC_082,pooja.kumar81@talb,Pooja Kumar,SAVINGS,False,41940.32,0.08,ACTIVE,2022-08-28T00:00:00Z
ACC_084,aryan.malhotra83@talb,Aryan Malhotra,SAVINGS,False,90648.59,0.08,ACTIVE,2024-05-22T00:00:00Z
ACC_089,dhruv.reddy88@talb,Dhruv Reddy,SAVINGS,False,166701.86,0.11,ACTIVE,2023-12-12T00:00:00Z
ACC_093,krishna.kumar92@talb,Krishna Kumar,SAVINGS,False,95549.10,0.15,ACTIVE,2022-03-13T00:00:00Z
ACC_094,ira.pillai93@talb,Ira Pillai,SAVINGS,False,14600.93,0.12,ACTIVE,2022-03-28T00:00:00Z
ACC_095,kavya.das94@talb,Kavya Das,SAVINGS,False,157274.56,0.09,ACTIVE,2023-02-07T00:00:00Z
ACC-10001,aarav.chopra@oksbi,Aarav Chopra,SAVINGS,False,220198.57,0.05,ACTIVE,2026-05-17T13:59:12Z
ACC-10003,aditya.bansal@oksbi,Aditya Bansal,SAVINGS,False,81016.14,0.05,ACTIVE,2026-05-12T20:35:20Z
ACC-10005,arjun.das@oksbi,Arjun Das,SAVINGS,False,33882.42,0.05,ACTIVE,2024-11-30T08:43:33Z
ACC-10007,muhammad.krishnan@oksbi,Muhammad Krishnan,SAVINGS,False,20.61,0.06,ACTIVE,2025-04-05T11:36:43Z
ACC-10009,arnav.iyer@oksbi,Arnav Iyer,SAVINGS,False,90290.00,0.11,ACTIVE,2025-06-09T11:28:38Z
ACC-10011,krishna.patil@oksbi,Krishna Patil,SAVINGS,False,18401.89,0.06,ACTIVE,2026-03-23T03:54:03Z
ACC-10013,shaurya.pillai@oksbi,Shaurya Pillai,SAVINGS,False,112946.92,0.14,ACTIVE,2024-08-03T15:42:09Z
ACC-10017,advaith.dubey@oksbi,Advaith Dubey,SAVINGS,False,41958.39,0.02,ACTIVE,2024-07-12T00:24:21Z
ACC-10019,dhruv.chatterjee@oksbi,Dhruv Chatterjee,SAVINGS,False,124893.26,0.18,ACTIVE,2025-05-19T14:10:18Z
ACC-10021,ananya.subramanian@oksbi,Ananya Subramanian,SAVINGS,False,113748.64,0.05,ACTIVE,2024-04-08T21:57:49Z
ACC-10023,saanvi.reddy@oksbi,Saanvi Reddy,SAVINGS,False,27761.82,0.16,ACTIVE,2025-11-07T03:20:59Z
ACC-10027,myra.chakraborty@oksbi,Myra Chakraborty,SAVINGS,False,48426.32,0.08,ACTIVE,2025-03-30T02:45:16Z
ACC-10029,anika.malhotra@oksbi,Anika Malhotra,SAVINGS,False,207536.90,0.04,ACTIVE,2026-01-06T01:09:20Z
ACC-10031,avani.pandey@oksbi,Avani Pandey,SAVINGS,False,137550.09,0.05,ACTIVE,2025-02-17T04:44:08Z
ACC-10033,aditi.mukherjee@oksbi,Aditi Mukherjee,SAVINGS,False,214937.93,0.07,ACTIVE,2025-09-11T00:39:48Z
ACC-10035,sneha.balakrishnan@oksbi,Sneha Balakrishnan,SAVINGS,False,86723.87,0.18,ACTIVE,2024-06-05T14:24:38Z
ACC-10037,priya.singh@oksbi,Priya Singh,SAVINGS,False,14097.85,0.11,ACTIVE,2024-08-26T05:31:00Z
ACC-10039,tanvi.garg@oksbi,Tanvi Garg,SAVINGS,False,59468.93,0.11,ACTIVE,2024-12-15T23:58:46Z
ACC-10040,zomato.dine.ser@oksbi,Zomato Dine Services,CURRENT,True,301207.52,0.16,ACTIVE,2025-06-07T10:47:04Z
ACC-10041,rohan.bose@oksbi,Rohan Bose,SAVINGS,False,122574.25,0.02,ACTIVE,2025-08-01T15:16:55Z
ACC-10043,suresh.verma@oksbi,Suresh Verma,SAVINGS,False,157734.73,0.14,ACTIVE,2024-04-24T04:36:18Z
ACC-10047,rahul.pawar@oksbi,Rahul Pawar,SAVINGS,False,74286.96,0.07,ACTIVE,2024-07-24T00:20:20Z
ACC-10049,sunil.kurup@oksbi,Sunil Kurup,SAVINGS,False,95624.00,0.01,ACTIVE,2026-04-07T11:41:27Z
ACC-10050,apollo.pharmacy@oksbi,Apollo Pharmacy Central,CURRENT,True,304321.31,0.01,ACTIVE,2024-02-05T15:58:56Z
ACC-10051,alok.chopra@oksbi,Alok Chopra,SAVINGS,False,188887.47,0.02,ACTIVE,2026-04-12T15:39:53Z
ACC-10053,nikhil.bansal@oksbi,Nikhil Bansal,SAVINGS,False,20050.84,0.05,ACTIVE,2025-08-30T06:19:36Z
ACC-10057,varun.krishnan@oksbi,Varun Krishnan,SAVINGS,False,69666.78,0.12,ACTIVE,2025-02-18T22:01:40Z
ACC-10059,manish.iyer@oksbi,Manish Iyer,SAVINGS,False,166855.19,0.04,ACTIVE,2026-02-20T14:56:49Z
ACC-10060,tata.power.util@oksbi,Tata Power Utilities,CURRENT,True,274053.39,0.04,ACTIVE,2025-05-09T08:38:24Z
ACC-10061,shreya.patil@oksbi,Shreya Patil,SAVINGS,False,98570.36,0.15,ACTIVE,2026-03-26T07:51:58Z
ACC-10063,swati.pillai@oksbi,Swati Pillai,SAVINGS,False,16786.11,0.17,ACTIVE,2026-05-27T20:36:16Z
ACC-10065,komal.saxena@oksbi,Komal Saxena,SAVINGS,False,15818.99,0.04,ACTIVE,2025-04-27T21:51:55Z
ACC-10067,rekha.dubey@oksbi,Rekha Dubey,SAVINGS,False,99722.67,0.13,ACTIVE,2025-08-23T08:35:56Z
ACC-10069,anita.chatterjee@oksbi,Anita Chatterjee,SAVINGS,False,235786.79,0.05,ACTIVE,2025-11-29T13:11:50Z
ACC-10070,uber.mobility.i@oksbi,Uber Mobility India,CURRENT,True,351759.69,0.14,ACTIVE,2024-03-23T21:46:51Z
ACC-10071,simran.subramanian@oksbi,Simran Subramanian,SAVINGS,False,47575.57,0.10,ACTIVE,2024-10-21T06:38:27Z
ACC-10073,payal.reddy@oksbi,Payal Reddy,SAVINGS,False,67290.53,0.11,ACTIVE,2025-12-03T21:30:19Z
ACC-10077,rashmi.chakraborty@oksbi,Rashmi Chakraborty,SAVINGS,False,41523.59,0.17,ACTIVE,2024-12-23T12:28:53Z
ACC-10079,megha.malhotra@oksbi,Megha Malhotra,SAVINGS,False,31465.42,0.12,ACTIVE,2025-05-02T19:14:06Z
ACC-10080,bigbasket.fresh@oksbi,BigBasket Fresh Groceries,CURRENT,True,294904.89,0.01,ACTIVE,2024-11-10T21:21:32Z
ACC-10081,kunal.pandey@oksbi,Kunal Pandey,SAVINGS,False,15256.71,0.02,ACTIVE,2024-11-12T20:21:36Z
ACC-10083,yash.mukherjee@oksbi,Yash Mukherjee,SAVINGS,False,83041.39,0.07,ACTIVE,2026-04-02T15:06:22Z
ACC-10087,rishabh.singh@oksbi,Rishabh Singh,SAVINGS,False,70127.70,0.03,ACTIVE,2026-01-25T14:22:16Z
ACC-10089,chirag.garg@oksbi,Chirag Garg,SAVINGS,False,194408.57,0.15,ACTIVE,2025-11-15T00:54:30Z
ACC-10090,decathlon.sport@oksbi,Decathlon Sports Megastore,CURRENT,True,320286.50,0.03,ACTIVE,2025-01-15T22:09:02Z
ACC-10091,siddharth.bose@oksbi,Siddharth Bose,SAVINGS,False,80026.41,0.01,ACTIVE,2025-09-01T22:23:42Z
ACC-10093,tarun.verma@oksbi,Tarun Verma,SAVINGS,False,16489.66,0.11,ACTIVE,2024-06-19T08:25:43Z
ACC-10095,amazon.india.ma@oksbi,Amazon India Marketplace,CURRENT,True,450526.75,0.04,ACTIVE,2024-02-11T03:53:00Z
ACC-SAL-0083,riya.banerjee@okaxis,Riya Banerjee,SAVINGS,False,208004.04,0.02,ACTIVE,2024-09-09T00:00:00Z
ACC-SAL-0084,divya.dutta@okaxis,Divya Dutta,SAVINGS,False,210337.67,0.06,ACTIVE,2023-02-13T00:00:00Z
ACC-SAL-0085,swati.rao@oktalb,Swati Rao,SAVINGS,False,266715.62,0.01,ACTIVE,2025-03-21T00:00:00Z
ACC-SAL-0086,pooja.ghosh@okfcc,Pooja Ghosh,SAVINGS,False,216223.99,0.02,ACTIVE,2025-03-31T00:00:00Z
ACC-SAL-0087,vihaan.kapoor@okfcc,Vihaan Kapoor,SAVINGS,False,224234.55,0.01,ACTIVE,2024-11-25T00:00:00Z
ACC-SAL-0088,krishna.nair@oktalb,Krishna Nair,SAVINGS,False,117348.40,0.06,ACTIVE,2024-01-11T00:00:00Z
ACC-SAL-0089,arjun.yadav@okhdfcbank,Arjun Yadav,SAVINGS,False,139730.26,0.03,ACTIVE,2024-11-26T00:00:00Z
ACC-SAL-0090,divya.bhatia@okfcc,Divya Bhatia,SAVINGS,False,160012.27,0.03,ACTIVE,2023-05-21T00:00:00Z
ACC-SAL-0091,ananya.nair@oksbi,Ananya Nair,SAVINGS,False,212597.09,0.03,ACTIVE,2023-01-27T00:00:00Z
ACC-SAL-0092,sanvi.upadhyay@oksbi,Sanvi Upadhyay,SAVINGS,False,222615.94,0.05,ACTIVE,2023-09-26T00:00:00Z
ACC-SAL-0093,veer.chauhan@okicici,Veer Chauhan,SAVINGS,False,258702.12,0.03,ACTIVE,2024-12-11T00:00:00Z
ACC-SAL-0094,aaryan.joshi@oksbi,Aaryan Joshi,SAVINGS,False,69027.37,0.05,ACTIVE,2024-04-07T00:00:00Z
ACC-SAL-0095,atharv.chatterjee@oktalb,Atharv Chatterjee,SAVINGS,False,205932.82,0.04,ACTIVE,2023-12-22T00:00:00Z
ACC-SAL-0096,riya.banerjee@okhdfcbank,Riya Banerjee,SAVINGS,False,205938.77,0.05,ACTIVE,2024-12-29T00:00:00Z
ACC-SAL-0097,nirvaan.ghosh@okfcc,Nirvaan Ghosh,SAVINGS,False,55947.43,0.02,ACTIVE,2023-08-18T00:00:00Z
ACC-SAL-0098,kabir.nair@okaxis,Kabir Nair,SAVINGS,False,117028.61,0.04,ACTIVE,2023-01-27T00:00:00Z
ACC-SAL-0099,mehak.upadhyay@okhdfcbank,Mehak Upadhyay,SAVINGS,False,250482.84,0.01,ACTIVE,2024-09-18T00:00:00Z
ACC-SAL-0100,sneha.tiwari@okfcc,Sneha Tiwari,SAVINGS,False,221136.96,0.05,ACTIVE,2024-02-25T00:00:00Z
ACC-SAL-0101,ishaan.joshi@okicici,Ishaan Joshi,SAVINGS,False,43912.08,0.03,ACTIVE,2024-10-19T00:00:00Z
ACC-SAL-0102,kunal.dutta@okhdfcbank,Kunal Dutta,SAVINGS,False,236408.70,0.04,ACTIVE,2025-06-18T00:00:00Z
ACC-SAL-0103,devansh.joshi@okaxis,Devansh Joshi,SAVINGS,False,257231.63,0.01,ACTIVE,2024-05-29T00:00:00Z
ACC-SAL-0104,aaryan.dubey@okhdfcbank,Aaryan Dubey,SAVINGS,False,66987.56,0.03,ACTIVE,2023-11-08T00:00:00Z
ACC-SAL-0105,anay.dutta@okfcc,Anay Dutta,SAVINGS,False,240713.10,0.02,ACTIVE,2023-10-18T00:00:00Z
ACC-SAL-0106,ananya.joshi@oktalb,Ananya Joshi,SAVINGS,False,181679.21,0.01,ACTIVE,2023-11-07T00:00:00Z
ACC-SAL-0107,rudra.thakur@okfcc,Rudra Thakur,SAVINGS,False,68656.16,0.04,ACTIVE,2023-06-07T00:00:00Z
ACC-SAL-0108,rhea.jha@oksbi,Rhea Jha,SAVINGS,False,245264.20,0.01,ACTIVE,2025-04-25T00:00:00Z
ACC-SAL-0109,aadhya.shah@okfcc,Aadhya Shah,SAVINGS,False,182617.65,0.01,ACTIVE,2024-03-02T00:00:00Z
ACC-SAL-0110,deepak.das@oktalb,Deepak Das,SAVINGS,False,148150.93,0.05,ACTIVE,2023-11-06T00:00:00Z
ACC-SAL-0111,pooja.banerjee@okaxis,Pooja Banerjee,SAVINGS,False,200596.46,0.02,ACTIVE,2023-03-16T00:00:00Z
ACC-SAL-0112,priya.tiwari@okaxis,Priya Tiwari,SAVINGS,False,111749.10,0.02,ACTIVE,2023-07-28T00:00:00Z
ACC-SAL-0113,ira.dutta@okaxis,Ira Dutta,SAVINGS,False,218969.57,0.04,ACTIVE,2023-05-14T00:00:00Z
ACC-SAL-0114,pranav.chatterjee@okhdfcbank,Pranav Chatterjee,SAVINGS,False,56243.09,0.03,ACTIVE,2024-04-22T00:00:00Z
ACC-SAL-0115,ritvik.mehta@oksbi,Ritvik Mehta,SAVINGS,False,266073.15,0.05,ACTIVE,2023-10-25T00:00:00Z
ACC-SAL-0116,priya.nair@okhdfcbank,Priya Nair,SAVINGS,False,108496.13,0.04,ACTIVE,2025-04-13T00:00:00Z
ACC-SAL-0117,ira.patel@okhdfcbank,Ira Patel,SAVINGS,False,278972.20,0.03,ACTIVE,2024-05-25T00:00:00Z
ACC-SAL-0118,kiara.shukla@oksbi,Kiara Shukla,SAVINGS,False,266034.37,0.04,ACTIVE,2023-04-03T00:00:00Z
ACC-SAL-0119,diya.shah@okfcc,Diya Shah,SAVINGS,False,37407.82,0.02,ACTIVE,2023-12-28T00:00:00Z
ACC-SAL-0120,rohan.das@okfcc,Rohan Das,SAVINGS,False,241028.95,0.03,ACTIVE,2023-01-09T00:00:00Z
ACC-SAL-0121,aadhya.ghosh@okaxis,Aadhya Ghosh,SAVINGS,False,36536.81,0.01,ACTIVE,2024-01-10T00:00:00Z
ACC-SAL-0122,aryan.ghosh@okfcc,Aryan Ghosh,SAVINGS,False,43750.60,0.04,ACTIVE,2023-10-23T00:00:00Z
ACC-SAL-0123,ananya.chauhan1@oktalb,Ananya Chauhan,SAVINGS,False,55296.81,0.06,ACTIVE,2024-09-17T00:00:00Z
ACC-SAL-0124,sneha.ghosh@okicici,Sneha Ghosh,SAVINGS,False,264431.88,0.05,ACTIVE,2024-07-25T00:00:00Z
ACC-SAL-0125,aaditya.yadav@okfcc,Aaditya Yadav,SAVINGS,False,152519.87,0.01,ACTIVE,2024-02-16T00:00:00Z
ACC-SAL-0126,kabir.mukherjee@okaxis,Kabir Mukherjee,SAVINGS,False,141532.08,0.04,ACTIVE,2024-06-15T00:00:00Z
ACC-SAL-0127,amit.joshi@okicici,Amit Joshi,SAVINGS,False,106225.16,0.03,ACTIVE,2024-09-19T00:00:00Z
ACC-SAL-0128,avani.thakur@okicici,Avani Thakur,SAVINGS,False,236213.79,0.04,ACTIVE,2024-06-03T00:00:00Z
ACC-SAL-0129,avani.tiwari@oksbi,Avani Tiwari,SAVINGS,False,109466.10,0.02,ACTIVE,2024-01-13T00:00:00Z
ACC-SAL-0130,priya.thakur@okicici,Priya Thakur,SAVINGS,False,254185.61,0.05,ACTIVE,2025-03-26T00:00:00Z
ACC-SAL-0131,vihaan.yadav@okaxis,Vihaan Yadav,SAVINGS,False,271603.03,0.05,ACTIVE,2023-09-29T00:00:00Z
ACC-SAL-0132,rishi.malhotra@okfcc,Rishi Malhotra,SAVINGS,False,68480.58,0.04,ACTIVE,2024-05-06T00:00:00Z
ACC-SAL-0133,aarna.kapoor@oktalb,Aarna Kapoor,SAVINGS,False,33050.48,0.06,ACTIVE,2023-09-06T00:00:00Z
ACC-SAL-0134,advaith.patel@oksbi,Advaith Patel,SAVINGS,False,104991.58,0.02,ACTIVE,2024-03-27T00:00:00Z
ACC-SAL-0135,aarush.paul@okfcc,Aarush Paul,SAVINGS,False,180926.91,0.03,ACTIVE,2025-03-04T00:00:00Z
ACC-SAL-0136,ayaan.joshi@okfcc,Ayaan Joshi,SAVINGS,False,168026.13,0.06,ACTIVE,2023-08-01T00:00:00Z
ACC-SAL-0137,rahul.dubey@okaxis,Rahul Dubey,SAVINGS,False,268954.80,0.03,ACTIVE,2023-11-18T00:00:00Z
ACC-SAL-0138,harsh.mukherjee@okfcc,Harsh Mukherjee,SAVINGS,False,197346.49,0.05,ACTIVE,2023-12-29T00:00:00Z
ACC-SAL-0139,aadhya.chauhan@okaxis,Aadhya Chauhan,SAVINGS,False,269121.04,0.02,ACTIVE,2023-07-16T00:00:00Z
ACC-SAL-0140,avani.reddy@okicici,Avani Reddy,SAVINGS,False,98696.06,0.02,ACTIVE,2025-02-28T00:00:00Z
ACC-SAL-0141,vikram.chatterjee@okaxis,Vikram Chatterjee,SAVINGS,False,167924.34,0.06,ACTIVE,2023-12-24T00:00:00Z
ACC-SAL-0142,ananya.das@oksbi,Ananya Das,SAVINGS,False,197538.67,0.03,ACTIVE,2024-08-10T00:00:00Z
ACC-SAL-0143,sneha.dutta@okhdfcbank,Sneha Dutta,SAVINGS,False,35726.95,0.06,ACTIVE,2023-10-25T00:00:00Z
ACC-SAL-0144,shaurya.dutta@okaxis,Shaurya Dutta,SAVINGS,False,90393.21,0.03,ACTIVE,2024-11-02T00:00:00Z
ACC-SAL-0145,aaditya.chaubey@okicici,Aaditya Chaubey,SAVINGS,False,202523.68,0.02,ACTIVE,2024-07-29T00:00:00Z
ACC-SAL-0146,diya.nair@oksbi,Diya Nair,SAVINGS,False,255821.97,0.02,ACTIVE,2024-11-16T00:00:00Z
ACC-SAL-0147,rishi.malhotra@oksbi,Rishi Malhotra,SAVINGS,False,109224.87,0.03,ACTIVE,2024-02-28T00:00:00Z
ACC-SAL-0148,kabir.sharma@okfcc,Kabir Sharma,SAVINGS,False,128761.40,0.06,ACTIVE,2023-06-11T00:00:00Z
ACC-SAL-0149,rohan.tiwari@oktalb,Rohan Tiwari,SAVINGS,False,217757.32,0.02,ACTIVE,2023-07-24T00:00:00Z
ACC-SAL-0150,myra.malhotra@oksbi,Myra Malhotra,SAVINGS,False,171404.01,0.04,ACTIVE,2024-10-29T00:00:00Z
ACC-SAL-0151,arjun.kumar@okaxis,Arjun Kumar,SAVINGS,False,69826.12,0.06,ACTIVE,2025-05-07T00:00:00Z
ACC-SAL-0152,sneha.shukla@okhdfcbank,Sneha Shukla,SAVINGS,False,270343.50,0.06,ACTIVE,2025-02-05T00:00:00Z
ACC-SAL-0153,arjun.sharma@okicici,Arjun Sharma,SAVINGS,False,178709.66,0.06,ACTIVE,2024-08-04T00:00:00Z
ACC-SAL-0154,navya.das@okaxis,Navya Das,SAVINGS,False,163541.62,0.03,ACTIVE,2024-10-18T00:00:00Z
ACC-SAL-0155,kabir.tripathi1@okaxis,Kabir Tripathi,SAVINGS,False,74166.91,0.02,ACTIVE,2023-10-07T00:00:00Z
ACC-SAL-0156,kian.pandey@oktalb,Kian Pandey,SAVINGS,False,208242.53,0.01,ACTIVE,2023-09-21T00:00:00Z
ACC-SAL-0157,rhea.das@okfcc,Rhea Das,SAVINGS,False,218107.10,0.02,ACTIVE,2024-11-21T00:00:00Z
ACC-SAL-0158,pooja.ray@okfcc,Pooja Ray,SAVINGS,False,47118.13,0.04,ACTIVE,2023-12-02T00:00:00Z
ACC-SAL-0159,devansh.joshi1@okaxis,Devansh Joshi,SAVINGS,False,263635.47,0.01,ACTIVE,2023-11-28T00:00:00Z
ACC-SAL-0160,sanvi.nair@okaxis,Sanvi Nair,SAVINGS,False,93083.55,0.03,ACTIVE,2025-02-10T00:00:00Z
ACC-SAL-0161,vivaan.iyer@oktalb,Vivaan Iyer,SAVINGS,False,201655.99,0.01,ACTIVE,2024-01-04T00:00:00Z
ACC-SAL-0162,aaryan.pandey@okicici,Aaryan Pandey,SAVINGS,False,128381.24,0.04,ACTIVE,2023-06-13T00:00:00Z
ACC-SAL-0163,kiara.chopra@oktalb,Kiara Chopra,SAVINGS,False,118723.70,0.02,ACTIVE,2023-10-30T00:00:00Z
ACC-SAL-0164,kabir.tiwari@okhdfcbank,Kabir Tiwari,SAVINGS,False,215672.38,0.04,ACTIVE,2024-04-10T00:00:00Z
ACC-SAL-0165,priya.upadhyay@okaxis,Priya Upadhyay,SAVINGS,False,162067.01,0.04,ACTIVE,2025-02-14T00:00:00Z
ACC-SAL-0166,veer.nair@oktalb,Veer Nair,SAVINGS,False,176932.69,0.05,ACTIVE,2025-02-11T00:00:00Z
ACC-SAL-0167,ayush.mishra@okfcc,Ayush Mishra,SAVINGS,False,117255.14,0.06,ACTIVE,2024-12-21T00:00:00Z
ACC-SAL-0168,advaith.malhotra@okfcc,Advaith Malhotra,SAVINGS,False,76549.98,0.04,ACTIVE,2024-06-01T00:00:00Z
ACC-SAL-0169,rudra.chatterjee@okfcc,Rudra Chatterjee,SAVINGS,False,54641.21,0.02,ACTIVE,2024-03-28T00:00:00Z
ACC-SAL-0170,vikram.saxena@okfcc,Vikram Saxena,SAVINGS,False,231216.48,0.03,ACTIVE,2024-04-01T00:00:00Z
ACC-SAL-0171,amit.paul@okaxis,Amit Paul,SAVINGS,False,39722.88,0.03,ACTIVE,2024-07-31T00:00:00Z
ACC-SAL-0172,kiara.verma@okaxis,Kiara Verma,SAVINGS,False,233195.57,0.05,ACTIVE,2023-09-18T00:00:00Z
ACC-SAL-0173,ishaan.gupta@okaxis,Ishaan Gupta,SAVINGS,False,203598.14,0.04,ACTIVE,2023-12-19T00:00:00Z
ACC-SAL-0174,ayaan.bhatia@okaxis,Ayaan Bhatia,SAVINGS,False,98208.13,0.02,ACTIVE,2023-02-02T00:00:00Z
ACC-SAL-0175,kabir.paul@okicici,Kabir Paul,SAVINGS,False,139376.97,0.06,ACTIVE,2024-01-27T00:00:00Z
ACC-SAL-0176,aarna.sengupta@oksbi,Aarna Sengupta,SAVINGS,False,270856.82,0.05,ACTIVE,2024-11-30T00:00:00Z
ACC-SAL-0177,kabir.dutta@oksbi,Kabir Dutta,SAVINGS,False,278175.93,0.03,ACTIVE,2023-07-02T00:00:00Z
ACC-SAL-0178,dhruv.reddy@oksbi,Dhruv Reddy,SAVINGS,False,30797.51,0.02,ACTIVE,2025-02-13T00:00:00Z
ACC-SAL-0179,deepak.ray@okfcc,Deepak Ray,SAVINGS,False,234956.91,0.02,ACTIVE,2024-01-24T00:00:00Z
ACC-SAL-0180,prisha.kapoor@okicici,Prisha Kapoor,SAVINGS,False,264039.64,0.05,ACTIVE,2023-07-13T00:00:00Z
ACC-SAL-0181,advaith.gupta@oktalb,Advaith Gupta,SAVINGS,False,181805.42,0.06,ACTIVE,2024-03-05T00:00:00Z
ACC-SAL-0182,aditya.nair@okhdfcbank,Aditya Nair,SAVINGS,False,50728.66,0.01,ACTIVE,2023-03-10T00:00:00Z
ACC-SAL-0183,reyansh.nair@oktalb,Reyansh Nair,SAVINGS,False,127577.66,0.02,ACTIVE,2023-02-15T00:00:00Z
ACC-SAL-0184,veer.malhotra@okhdfcbank,Veer Malhotra,SAVINGS,False,278338.28,0.02,ACTIVE,2024-05-30T00:00:00Z
ACC-SAL-0185,ira.jha@okfcc,Ira Jha,SAVINGS,False,196495.63,0.03,ACTIVE,2025-03-02T00:00:00Z
ACC-SAL-0186,avani.kapoor@oktalb,Avani Kapoor,SAVINGS,False,81365.90,0.03,ACTIVE,2024-06-17T00:00:00Z
ACC-SAL-0187,ayaan.upadhyay@okfcc,Ayaan Upadhyay,SAVINGS,False,212479.09,0.02,ACTIVE,2025-06-19T00:00:00Z
ACC-SAL-0188,tanvi.upadhyay@okaxis,Tanvi Upadhyay,SAVINGS,False,272934.01,0.06,ACTIVE,2023-02-18T00:00:00Z
ACC-SAL-0189,aarna.dubey@okicici,Aarna Dubey,SAVINGS,False,131162.78,0.02,ACTIVE,2024-12-14T00:00:00Z
ACC-SAL-0190,aarna.kumar@okfcc,Aarna Kumar,SAVINGS,False,86446.89,0.02,ACTIVE,2024-04-29T00:00:00Z
ACC-SAL-0191,ritvik.pandey@oksbi,Ritvik Pandey,SAVINGS,False,130232.76,0.03,ACTIVE,2024-07-29T00:00:00Z
ACC-SAL-0192,ayush.joshi@okaxis,Ayush Joshi,SAVINGS,False,90023.89,0.03,ACTIVE,2023-09-06T00:00:00Z
ACC-SAL-0193,shaurya.mishra@okicici,Shaurya Mishra,SAVINGS,False,161587.06,0.05,ACTIVE,2023-04-05T00:00:00Z
ACC-SAL-0194,reyansh.rao@okaxis,Reyansh Rao,SAVINGS,False,179267.21,0.01,ACTIVE,2024-11-20T00:00:00Z
ACC-SAL-0195,ishaan.patel@okfcc,Ishaan Patel,SAVINGS,False,196219.88,0.02,ACTIVE,2025-01-11T00:00:00Z
ACC-SAL-0196,aarush.mukherjee@okicici,Aarush Mukherjee,SAVINGS,False,79010.98,0.02,ACTIVE,2023-01-16T00:00:00Z
ACC-SAL-0197,aaryan.tiwari@okhdfcbank,Aaryan Tiwari,SAVINGS,False,179122.39,0.02,ACTIVE,2024-12-13T00:00:00Z
ACC-SAL-0198,diya.upadhyay@okicici,Diya Upadhyay,SAVINGS,False,97180.10,0.03,ACTIVE,2025-03-05T00:00:00Z
ACC-SAL-0199,isha.banerjee@okicici,Isha Banerjee,SAVINGS,False,155768.22,0.03,ACTIVE,2024-01-04T00:00:00Z
ACC-SAL-0200,advik.tiwari@okicici,Advik Tiwari,SAVINGS,False,119529.75,0.03,ACTIVE,2023-07-28T00:00:00Z
ACC-SAL-0201,anay.kapoor@oksbi,Anay Kapoor,SAVINGS,False,166094.45,0.04,ACTIVE,2023-09-25T00:00:00Z
ACC-SAL-0202,priya.das@okhdfcbank,Priya Das,SAVINGS,False,109115.65,0.03,ACTIVE,2023-07-20T00:00:00Z
ACC-SAL-0203,saanvi.shukla@okfcc,Saanvi Shukla,SAVINGS,False,265583.46,0.03,ACTIVE,2024-11-01T00:00:00Z
ACC-SAL-0204,vikram.shukla@okaxis,Vikram Shukla,SAVINGS,False,211856.92,0.03,ACTIVE,2023-06-22T00:00:00Z
ACC-SAL-0205,kabir.chaubey@okaxis,Kabir Chaubey,SAVINGS,False,258809.34,0.04,ACTIVE,2023-07-08T00:00:00Z
ACC-SAL-0206,ayaan.dubey@oksbi,Ayaan Dubey,SAVINGS,False,240907.83,0.06,ACTIVE,2025-05-09T00:00:00Z
ACC-SAL-0207,reyansh.sharma@okaxis,Reyansh Sharma,SAVINGS,False,239848.90,0.02,ACTIVE,2023-05-21T00:00:00Z
ACC-SAL-0208,darsh.sharma@okhdfcbank,Darsh Sharma,SAVINGS,False,141282.46,0.01,ACTIVE,2024-06-01T00:00:00Z
ACC-SAL-0209,rahul.shukla@oksbi,Rahul Shukla,SAVINGS,False,160714.18,0.03,ACTIVE,2023-01-07T00:00:00Z
ACC-SAL-0210,aditya.dubey@oktalb,Aditya Dubey,SAVINGS,False,161613.22,0.02,ACTIVE,2023-10-09T00:00:00Z
ACC-SAL-0211,gaurav.ray@okhdfcbank,Gaurav Ray,SAVINGS,False,259102.46,0.04,ACTIVE,2023-04-20T00:00:00Z
ACC-SAL-0212,diya.patel@okfcc,Diya Patel,SAVINGS,False,89366.64,0.03,ACTIVE,2024-06-23T00:00:00Z
ACC-SAL-0213,sneha.saxena@okicici,Sneha Saxena,SAVINGS,False,142044.43,0.02,ACTIVE,2024-02-20T00:00:00Z
ACC-SAL-0214,anay.banerjee@oktalb,Anay Banerjee,SAVINGS,False,241206.11,0.04,ACTIVE,2025-04-27T00:00:00Z
ACC-SAL-0215,arjun.saxena@okaxis,Arjun Saxena,SAVINGS,False,121178.24,0.03,ACTIVE,2024-01-24T00:00:00Z
ACC-SAL-0216,vivaan.singh@oksbi,Vivaan Singh,SAVINGS,False,240559.10,0.04,ACTIVE,2024-05-26T00:00:00Z
ACC-SAL-0217,navya.jha@oksbi,Navya Jha,SAVINGS,False,259383.81,0.02,ACTIVE,2024-06-24T00:00:00Z
ACC-SAL-0218,rohan.rao@oksbi,Rohan Rao,SAVINGS,False,199529.33,0.02,ACTIVE,2023-03-18T00:00:00Z
ACC-SAL-0219,deepak.jha@oktalb,Deepak Jha,SAVINGS,False,70735.40,0.05,ACTIVE,2023-02-03T00:00:00Z
ACC-SAL-0220,aditya.shah@okfcc,Aditya Shah,SAVINGS,False,216824.89,0.05,ACTIVE,2023-05-28T00:00:00Z
ACC-SAL-0221,sneha.bhatia@okicici,Sneha Bhatia,SAVINGS,False,168809.34,0.04,ACTIVE,2023-06-16T00:00:00Z
ACC-SAL-0222,sanvi.chaubey@okicici,Sanvi Chaubey,SAVINGS,False,217680.36,0.02,ACTIVE,2024-01-29T00:00:00Z
ACC-SAL-0223,shaurya.tripathi@oktalb,Shaurya Tripathi,SAVINGS,False,38692.59,0.03,ACTIVE,2023-12-21T00:00:00Z
ACC-SAL-0224,ishaan.mukherjee@okfcc,Ishaan Mukherjee,SAVINGS,False,181535.63,0.04,ACTIVE,2025-02-26T00:00:00Z
ACC-SAL-0225,siya.verma@oktalb,Siya Verma,SAVINGS,False,224804.78,0.03,ACTIVE,2023-10-07T00:00:00Z
ACC-SAL-0226,rishi.dutta@okfcc,Rishi Dutta,SAVINGS,False,135121.23,0.04,ACTIVE,2024-01-20T00:00:00Z
ACC-SAL-0227,aarna.saxena1@okfcc,Aarna Saxena,SAVINGS,False,228504.07,0.05,ACTIVE,2023-10-30T00:00:00Z
ACC-SAL-0228,shaurya.rao@okhdfcbank,Shaurya Rao,SAVINGS,False,206477.67,0.04,ACTIVE,2024-01-25T00:00:00Z
ACC-SAL-0229,sanvi.chatterjee@okicici,Sanvi Chatterjee,SAVINGS,False,48337.71,0.06,ACTIVE,2023-04-20T00:00:00Z
ACC-SAL-0230,divya.ghosh@okicici,Divya Ghosh,SAVINGS,False,58789.29,0.02,ACTIVE,2023-04-15T00:00:00Z
ACC-SAL-0231,shreya.upadhyay@okfcc,Shreya Upadhyay,SAVINGS,False,129051.26,0.01,ACTIVE,2024-06-08T00:00:00Z
ACC-SAL-0232,isha.upadhyay@oksbi,Isha Upadhyay,SAVINGS,False,177501.17,0.03,ACTIVE,2024-09-03T00:00:00Z
ACC-SAL-0233,sanvi.sharma@okicici,Sanvi Sharma,SAVINGS,False,123888.89,0.01,ACTIVE,2024-02-28T00:00:00Z
ACC-SAL-0234,saanvi.jha@okfcc,Saanvi Jha,SAVINGS,False,199755.58,0.02,ACTIVE,2023-06-23T00:00:00Z
ACC-SAL-0235,pari.banerjee1@okicici,Pari Banerjee,SAVINGS,False,62213.38,0.02,ACTIVE,2024-05-19T00:00:00Z
ACC-SAL-0236,ananya.paul@okicici,Ananya Paul,SAVINGS,False,224579.99,0.03,ACTIVE,2024-05-10T00:00:00Z
ACC-SAL-0237,saanvi.shukla1@okfcc,Saanvi Shukla,SAVINGS,False,74864.80,0.02,ACTIVE,2024-09-23T00:00:00Z
ACC-SAL-0238,avani.sharma@okaxis,Avani Sharma,SAVINGS,False,239611.41,0.03,ACTIVE,2023-12-07T00:00:00Z
ACC-SAL-0239,navya.mishra@okicici,Navya Mishra,SAVINGS,False,232946.24,0.05,ACTIVE,2024-03-16T00:00:00Z
ACC-SAL-0240,kabir.banerjee@okicici,Kabir Banerjee,SAVINGS,False,266556.13,0.02,ACTIVE,2024-09-09T00:00:00Z
ACC-SAL-0241,ira.kumar@okaxis,Ira Kumar,SAVINGS,False,99319.28,0.04,ACTIVE,2023-11-23T00:00:00Z
ACC-SAL-0242,vikram.jha@okhdfcbank,Vikram Jha,SAVINGS,False,120894.10,0.05,ACTIVE,2023-11-30T00:00:00Z
ACC-SAL-0243,sneha.ghosh@oksbi,Sneha Ghosh,SAVINGS,False,75949.01,0.06,ACTIVE,2024-07-31T00:00:00Z
ACC-SAL-0244,devansh.upadhyay@oksbi,Devansh Upadhyay,SAVINGS,False,142713.67,0.05,ACTIVE,2025-01-14T00:00:00Z
ACC-SAL-0245,divya.das@oktalb,Divya Das,SAVINGS,False,233836.22,0.05,ACTIVE,2023-03-12T00:00:00Z
ACC-SAL-0246,neha.shukla@okhdfcbank,Neha Shukla,SAVINGS,False,102222.32,0.02,ACTIVE,2024-10-10T00:00:00Z
ACC-SAL-0247,darsh.ray@okaxis,Darsh Ray,SAVINGS,False,139512.01,0.04,ACTIVE,2023-03-17T00:00:00Z
ACC-SAL-0248,pooja.chaubey@okfcc,Pooja Chaubey,SAVINGS,False,201385.76,0.04,ACTIVE,2025-06-09T00:00:00Z
ACC-SAL-0249,tara.chaubey@okfcc,Tara Chaubey,SAVINGS,False,258172.32,0.02,ACTIVE,2024-10-15T00:00:00Z
ACC-SAL-0250,saanvi.dutta@okhdfcbank,Saanvi Dutta,SAVINGS,False,181232.87,0.04,ACTIVE,2024-10-24T00:00:00Z
ACC-SAL-0251,pooja.mukherjee@okaxis,Pooja Mukherjee,SAVINGS,False,27689.68,0.02,ACTIVE,2023-04-19T00:00:00Z
ACC-SAL-0252,amit.dubey@okfcc,Amit Dubey,SAVINGS,False,200354.42,0.02,ACTIVE,2024-08-17T00:00:00Z
ACC-SAL-0253,anvi.bose@okaxis,Anvi Bose,SAVINGS,False,198286.65,0.04,ACTIVE,2025-03-01T00:00:00Z
ACC-SAL-0254,darsh.dutta@oksbi,Darsh Dutta,SAVINGS,False,51660.09,0.03,ACTIVE,2024-05-09T00:00:00Z
ACC-SAL-0255,shaurya.chopra@oktalb,Shaurya Chopra,SAVINGS,False,113823.81,0.03,ACTIVE,2023-05-26T00:00:00Z
ACC-SAL-0256,aarush.dubey@okaxis,Aarush Dubey,SAVINGS,False,146421.45,0.03,ACTIVE,2023-12-23T00:00:00Z
ACC-SAL-0257,shreya.chatterjee@oksbi,Shreya Chatterjee,SAVINGS,False,36394.18,0.05,ACTIVE,2023-11-04T00:00:00Z
ACC-SAL-0258,aditya.mukherjee@oktalb,Aditya Mukherjee,SAVINGS,False,197670.53,0.02,ACTIVE,2023-04-22T00:00:00Z
ACC-SAL-0259,saanvi.dubey@okhdfcbank,Saanvi Dubey,SAVINGS,False,65834.61,0.04,ACTIVE,2024-07-19T00:00:00Z
ACC-SAL-0260,mehak.reddy@okaxis,Mehak Reddy,SAVINGS,False,72035.20,0.04,ACTIVE,2024-10-06T00:00:00Z
ACC-SAL-0261,swati.bose@oksbi,Swati Bose,SAVINGS,False,181597.27,0.02,ACTIVE,2025-01-25T00:00:00Z
ACC-SAL-0262,tanvi.sengupta@oksbi,Tanvi Sengupta,SAVINGS,False,79773.01,0.02,ACTIVE,2024-12-22T00:00:00Z
ACC-SAL-0263,krishna.jha@oksbi,Krishna Jha,SAVINGS,False,247354.73,0.02,ACTIVE,2025-03-29T00:00:00Z
ACC-SAL-0264,siya.patel@okaxis,Siya Patel,SAVINGS,False,91900.12,0.05,ACTIVE,2023-04-27T00:00:00Z
ACC-SAL-0265,ayush.chatterjee@okfcc,Ayush Chatterjee,SAVINGS,False,180883.65,0.04,ACTIVE,2024-02-02T00:00:00Z
ACC-SAL-0266,prisha.dutta@okaxis,Prisha Dutta,SAVINGS,False,68994.52,0.04,ACTIVE,2024-09-24T00:00:00Z
ACC-SAL-0267,avani.chauhan@okfcc,Avani Chauhan,SAVINGS,False,196388.07,0.03,ACTIVE,2023-03-28T00:00:00Z
ACC-SAL-0268,diya.banerjee@oksbi,Diya Banerjee,SAVINGS,False,120193.05,0.02,ACTIVE,2023-07-07T00:00:00Z
ACC-SAL-0269,sanvi.paul@okfcc,Sanvi Paul,SAVINGS,False,171575.54,0.03,ACTIVE,2023-05-22T00:00:00Z
ACC-SAL-0270,vikram.chaubey@oktalb,Vikram Chaubey,SAVINGS,False,262327.21,0.02,ACTIVE,2024-10-22T00:00:00Z
ACC-SAL-0271,rudra.shukla@okicici,Rudra Shukla,SAVINGS,False,72710.14,0.05,ACTIVE,2023-05-24T00:00:00Z
ACC-SAL-0272,reyansh.dutta@oksbi,Reyansh Dutta,SAVINGS,False,59816.35,0.05,ACTIVE,2024-05-11T00:00:00Z
ACC-SAL-0273,gaurav.shukla@okaxis,Gaurav Shukla,SAVINGS,False,150390.10,0.05,ACTIVE,2024-12-02T00:00:00Z
ACC-SAL-0274,divya.shukla@okhdfcbank,Divya Shukla,SAVINGS,False,169176.44,0.05,ACTIVE,2023-03-26T00:00:00Z
ACC-SAL-0275,anay.das@oksbi,Anay Das,SAVINGS,False,82335.07,0.02,ACTIVE,2023-10-09T00:00:00Z
ACC-SAL-0276,kriti.jha@oktalb,Kriti Jha,SAVINGS,False,220309.49,0.04,ACTIVE,2025-03-02T00:00:00Z
ACC-SAL-0277,advaith.jha@oksbi,Advaith Jha,SAVINGS,False,222653.82,0.05,ACTIVE,2023-10-02T00:00:00Z
ACC-SAL-0278,tara.chaubey@oksbi,Tara Chaubey,SAVINGS,False,208339.96,0.04,ACTIVE,2025-02-17T00:00:00Z
ACC-SAL-0279,tanvi.mehta@oktalb,Tanvi Mehta,SAVINGS,False,191686.28,0.02,ACTIVE,2025-04-29T00:00:00Z
ACC-SAL-0280,arjun.mishra@okicici,Arjun Mishra,SAVINGS,False,244860.90,0.01,ACTIVE,2023-12-23T00:00:00Z
ACC-SAL-0281,aaryan.nair@okhdfcbank,Aaryan Nair,SAVINGS,False,213091.31,0.04,ACTIVE,2025-04-10T00:00:00Z
ACC-SAL-0282,tanvi.singh@okfcc,Tanvi Singh,SAVINGS,False,225136.57,0.05,ACTIVE,2023-05-23T00:00:00Z
ACC-SAL-0283,ayaan.jha@okicici,Ayaan Jha,SAVINGS,False,96676.68,0.04,ACTIVE,2024-06-29T00:00:00Z
ACC-SAL-0284,siya.das@okicici,Siya Das,SAVINGS,False,93172.48,0.05,ACTIVE,2024-08-09T00:00:00Z
ACC-SAL-0285,advik.joshi@okaxis,Advik Joshi,SAVINGS,False,278083.99,0.05,ACTIVE,2023-03-02T00:00:00Z
ACC-SAL-0286,dhruv.joshi@okhdfcbank,Dhruv Joshi,SAVINGS,False,206405.69,0.05,ACTIVE,2023-05-30T00:00:00Z
ACC-SAL-0287,sneha.shukla1@okhdfcbank,Sneha Shukla,SAVINGS,False,186262.51,0.04,ACTIVE,2024-08-14T00:00:00Z
ACC-SAL-0288,aarna.mishra@oksbi,Aarna Mishra,SAVINGS,False,227622.65,0.05,ACTIVE,2024-10-10T00:00:00Z
ACC-SAL-0289,pooja.tripathi@oktalb,Pooja Tripathi,SAVINGS,False,202149.42,0.05,ACTIVE,2023-10-12T00:00:00Z
ACC-SAL-0290,kriti.shukla@okicici,Kriti Shukla,SAVINGS,False,25630.64,0.05,ACTIVE,2024-08-18T00:00:00Z
ACC-SAL-0291,atharv.pandey@oktalb,Atharv Pandey,SAVINGS,False,202808.69,0.05,ACTIVE,2024-11-11T00:00:00Z
ACC-SAL-0292,harsh.bose@okhdfcbank,Harsh Bose,SAVINGS,False,235336.15,0.03,ACTIVE,2024-03-15T00:00:00Z
ACC-SAL-0293,siya.das1@okicici,Siya Das,SAVINGS,False,172373.08,0.04,ACTIVE,2024-07-14T00:00:00Z
ACC-SAL-0294,vikram.mukherjee@oktalb,Vikram Mukherjee,SAVINGS,False,37344.36,0.01,ACTIVE,2025-02-19T00:00:00Z
ACC-SAL-0295,kriti.verma@oksbi,Kriti Verma,SAVINGS,False,65285.80,0.03,ACTIVE,2025-05-28T00:00:00Z
ACC-SAL-0296,tanvi.patel@oktalb,Tanvi Patel,SAVINGS,False,249947.68,0.03,ACTIVE,2023-05-16T00:00:00Z
ACC-SAL-0297,ananya.saxena@oktalb,Ananya Saxena,SAVINGS,False,88849.27,0.03,ACTIVE,2024-01-05T00:00:00Z
ACC-SAL-0298,rudra.malhotra@okaxis,Rudra Malhotra,SAVINGS,False,102904.86,0.04,ACTIVE,2024-10-02T00:00:00Z
ACC-SAL-0299,rishi.ray@oktalb,Rishi Ray,SAVINGS,False,204443.00,0.01,ACTIVE,2023-04-04T00:00:00Z
ACC-SAL-0300,rahul.bhatia@okhdfcbank,Rahul Bhatia,SAVINGS,False,82678.67,0.04,ACTIVE,2024-08-30T00:00:00Z
ACC-SAL-0301,vivaan.sharma@oktalb,Vivaan Sharma,SAVINGS,False,233362.80,0.06,ACTIVE,2023-12-18T00:00:00Z
ACC-SAL-0302,tanvi.joshi@okaxis,Tanvi Joshi,SAVINGS,False,83381.45,0.01,ACTIVE,2023-03-14T00:00:00Z
ACC-SAL-0303,pranav.mehta@okicici,Pranav Mehta,SAVINGS,False,249652.19,0.02,ACTIVE,2024-01-12T00:00:00Z
ACC-SAL-0304,kabir.kapoor@oksbi,Kabir Kapoor,SAVINGS,False,168639.26,0.04,ACTIVE,2024-06-27T00:00:00Z
ACC-SAL-0305,rudra.mishra@okicici,Rudra Mishra,SAVINGS,False,79329.14,0.05,ACTIVE,2025-01-09T00:00:00Z
ACC-SAL-0306,neha.chauhan@oktalb,Neha Chauhan,SAVINGS,False,244290.44,0.01,ACTIVE,2024-03-29T00:00:00Z
ACC-SAL-0307,advik.joshi@oksbi,Advik Joshi,SAVINGS,False,211152.33,0.03,ACTIVE,2024-08-26T00:00:00Z
ACC-SAL-0308,tanvi.chatterjee@okhdfcbank,Tanvi Chatterjee,SAVINGS,False,95626.75,0.01,ACTIVE,2023-09-11T00:00:00Z
ACC-SAL-0309,myra.verma@oktalb,Myra Verma,SAVINGS,False,101920.58,0.04,ACTIVE,2025-06-15T00:00:00Z
ACC-SAL-0310,amit.patel@oktalb,Amit Patel,SAVINGS,False,100363.22,0.01,ACTIVE,2024-02-06T00:00:00Z
ACC-SAL-0311,diya.shukla@okaxis,Diya Shukla,SAVINGS,False,86475.85,0.04,ACTIVE,2023-04-26T00:00:00Z
ACC-SAL-0312,ishaan.dubey@oksbi,Ishaan Dubey,SAVINGS,False,263150.72,0.02,ACTIVE,2024-01-05T00:00:00Z
ACC-SAL-0313,priya.ghosh@okfcc,Priya Ghosh,SAVINGS,False,69056.43,0.03,ACTIVE,2024-11-30T00:00:00Z
ACC-SAL-0314,ishaan.verma@okfcc,Ishaan Verma,SAVINGS,False,28517.32,0.02,ACTIVE,2023-03-11T00:00:00Z
ACC-SAL-0315,ayaan.bose@okfcc,Ayaan Bose,SAVINGS,False,185285.53,0.04,ACTIVE,2023-10-21T00:00:00Z
ACC-SAL-0316,priya.ray@oktalb,Priya Ray,SAVINGS,False,46019.09,0.04,ACTIVE,2024-02-16T00:00:00Z
ACC-SAL-0317,darsh.rao@oksbi,Darsh Rao,SAVINGS,False,45150.50,0.06,ACTIVE,2023-11-14T00:00:00Z
ACC-SAL-0318,darsh.chaubey@okicici,Darsh Chaubey,SAVINGS,False,174541.48,0.05,ACTIVE,2024-02-05T00:00:00Z
ACC-SAL-0319,krishna.banerjee@oktalb,Krishna Banerjee,SAVINGS,False,211139.39,0.05,ACTIVE,2024-03-23T00:00:00Z
ACC-SAL-0320,ayaan.nair@oksbi,Ayaan Nair,SAVINGS,False,54576.58,0.04,ACTIVE,2024-03-20T00:00:00Z
ACC-SAL-0321,ayaan.banerjee@oktalb,Ayaan Banerjee,SAVINGS,False,192803.35,0.02,ACTIVE,2025-01-29T00:00:00Z
ACC-SAL-0322,vivaan.joshi@oktalb,Vivaan Joshi,SAVINGS,False,66777.32,0.06,ACTIVE,2023-01-12T00:00:00Z
ACC-SAL-0323,kunal.dubey@oktalb,Kunal Dubey,SAVINGS,False,67575.55,0.02,ACTIVE,2023-09-23T00:00:00Z
ACC-SAL-0324,pari.chopra@oksbi,Pari Chopra,SAVINGS,False,230812.50,0.02,ACTIVE,2023-12-10T00:00:00Z
ACC-SAL-0325,krishna.iyer@oktalb,Krishna Iyer,SAVINGS,False,185020.87,0.03,ACTIVE,2024-08-13T00:00:00Z
ACC-SAL-0326,amit.ghosh@oksbi,Amit Ghosh,SAVINGS,False,244136.74,0.02,ACTIVE,2024-05-26T00:00:00Z
ACC-SAL-0327,kian.iyer@oksbi,Kian Iyer,SAVINGS,False,196900.71,0.02,ACTIVE,2024-08-10T00:00:00Z
ACC-SAL-0328,amit.sharma@oksbi,Amit Sharma,SAVINGS,False,245046.77,0.02,ACTIVE,2025-05-29T00:00:00Z
ACC-SAL-0329,rohan.ghosh@okaxis,Rohan Ghosh,SAVINGS,False,70635.04,0.06,ACTIVE,2023-06-03T00:00:00Z
ACC-SAL-0330,arjun.upadhyay@oktalb,Arjun Upadhyay,SAVINGS,False,192204.34,0.02,ACTIVE,2025-01-28T00:00:00Z
ACC-SAL-0331,saanvi.paul@oktalb,Saanvi Paul,SAVINGS,False,94170.78,0.01,ACTIVE,2023-11-24T00:00:00Z
ACC-SAL-0332,anvi.chopra@okfcc,Anvi Chopra,SAVINGS,False,254994.96,0.02,ACTIVE,2024-11-20T00:00:00Z
ACC-SAL-0333,kunal.gupta@okaxis,Kunal Gupta,SAVINGS,False,248632.77,0.05,ACTIVE,2023-03-12T00:00:00Z
ACC-SAL-0334,kiara.chatterjee@oksbi,Kiara Chatterjee,SAVINGS,False,141470.27,0.03,ACTIVE,2024-07-20T00:00:00Z
ACC-SAL-0335,riya.jha@okicici,Riya Jha,SAVINGS,False,183792.97,0.03,ACTIVE,2025-01-27T00:00:00Z
ACC-SAL-0336,siddharth.patel@oktalb,Siddharth Patel,SAVINGS,False,218922.97,0.02,ACTIVE,2024-07-13T00:00:00Z
ACC-SAL-0337,aarav.paul@oksbi,Aarav Paul,SAVINGS,False,163094.03,0.04,ACTIVE,2023-08-27T00:00:00Z
ACC-SAL-0338,vivaan.mukherjee@oksbi,Vivaan Mukherjee,SAVINGS,False,192612.48,0.05,ACTIVE,2025-02-16T00:00:00Z
ACC-SAL-0339,kiara.mehta@okhdfcbank,Kiara Mehta,SAVINGS,False,275694.51,0.03,ACTIVE,2024-06-26T00:00:00Z
ACC-SAL-0340,ayaan.kapoor@oktalb,Ayaan Kapoor,SAVINGS,False,48721.79,0.06,ACTIVE,2023-10-14T00:00:00Z
ACC-SAL-0341,kunal.paul@oktalb,Kunal Paul,SAVINGS,False,141906.80,0.05,ACTIVE,2024-01-17T00:00:00Z
ACC-SAL-0342,advik.tripathi@okhdfcbank,Advik Tripathi,SAVINGS,False,234090.54,0.01,ACTIVE,2024-10-14T00:00:00Z
ACC-SAL-0343,ayaan.ray@oktalb,Ayaan Ray,SAVINGS,False,85376.79,0.02,ACTIVE,2023-05-14T00:00:00Z
ACC-SAL-0344,ira.bose@oktalb,Ira Bose,SAVINGS,False,212514.98,0.03,ACTIVE,2025-05-01T00:00:00Z
ACC-SAL-0345,pari.reddy@oksbi,Pari Reddy,SAVINGS,False,59708.52,0.05,ACTIVE,2023-07-27T00:00:00Z
ACC-SAL-0346,pranav.kapoor@oksbi,Pranav Kapoor,SAVINGS,False,139639.52,0.03,ACTIVE,2023-06-18T00:00:00Z
ACC-SAL-0347,aaryan.chaubey@okicici,Aaryan Chaubey,SAVINGS,False,77947.24,0.03,ACTIVE,2025-02-27T00:00:00Z
ACC-SAL-0348,aadhya.chopra@oksbi,Aadhya Chopra,SAVINGS,False,230937.21,0.03,ACTIVE,2023-06-11T00:00:00Z
ACC-SAL-0349,sai.shah@okicici,Sai Shah,SAVINGS,False,48259.29,0.02,ACTIVE,2023-06-01T00:00:00Z
ACC-SAL-0350,isha.bose@okfcc,Isha Bose,SAVINGS,False,197681.76,0.02,ACTIVE,2023-02-20T00:00:00Z
ACC-SAL-0351,nirvaan.verma@okaxis,Nirvaan Verma,SAVINGS,False,140311.30,0.05,ACTIVE,2025-05-25T00:00:00Z
ACC-SAL-0352,saanvi.mehta@okaxis,Saanvi Mehta,SAVINGS,False,229993.67,0.02,ACTIVE,2023-04-15T00:00:00Z
ACC-SAL-0353,vivaan.malhotra@okhdfcbank,Vivaan Malhotra,SAVINGS,False,75523.92,0.03,ACTIVE,2023-05-14T00:00:00Z
ACC-SAL-0354,shaurya.thakur@okfcc,Shaurya Thakur,SAVINGS,False,258944.29,0.01,ACTIVE,2023-09-23T00:00:00Z
ACC-SAL-0355,krishna.patel@oktalb,Krishna Patel,SAVINGS,False,231371.16,0.01,ACTIVE,2024-03-30T00:00:00Z
ACC-SAL-0356,navya.chopra@oksbi,Navya Chopra,SAVINGS,False,37912.61,0.06,ACTIVE,2024-04-17T00:00:00Z
ACC-SAL-0357,swati.bose@okaxis,Swati Bose,SAVINGS,False,122596.01,0.03,ACTIVE,2023-01-31T00:00:00Z
ACC-SAL-0358,isha.shah@okhdfcbank,Isha Shah,SAVINGS,False,96362.91,0.05,ACTIVE,2023-10-09T00:00:00Z
ACC-SAL-0359,arjun.chauhan@okfcc,Arjun Chauhan,SAVINGS,False,87675.12,0.02,ACTIVE,2024-09-23T00:00:00Z
ACC-SAL-0360,neha.upadhyay@okaxis,Neha Upadhyay,SAVINGS,False,47369.00,0.03,ACTIVE,2023-03-04T00:00:00Z
ACC-SAL-0361,priya.patel@oktalb,Priya Patel,SAVINGS,False,159082.58,0.04,ACTIVE,2025-03-27T00:00:00Z
ACC-SAL-0362,deepak.verma@okaxis,Deepak Verma,SAVINGS,False,206909.52,0.03,ACTIVE,2025-03-11T00:00:00Z
ACC-SAL-0363,vikram.dutta@okfcc,Vikram Dutta,SAVINGS,False,107009.13,0.02,ACTIVE,2024-05-29T00:00:00Z
ACC-SAL-0364,vihaan.chatterjee@okfcc,Vihaan Chatterjee,SAVINGS,False,32472.38,0.05,ACTIVE,2023-08-13T00:00:00Z
ACC-SAL-0365,ananya.malhotra@okaxis,Ananya Malhotra,SAVINGS,False,116145.39,0.04,ACTIVE,2024-06-26T00:00:00Z
ACC-SAL-0366,rishi.singh@oksbi,Rishi Singh,SAVINGS,False,192500.43,0.02,ACTIVE,2023-09-11T00:00:00Z
ACC-SAL-0367,ayaan.reddy@okfcc,Ayaan Reddy,SAVINGS,False,275579.48,0.03,ACTIVE,2025-05-16T00:00:00Z
ACC-SAL-0368,nirvaan.kumar@okhdfcbank,Nirvaan Kumar,SAVINGS,False,106091.11,0.05,ACTIVE,2024-08-29T00:00:00Z
ACC-SAL-0369,isha.thakur@oksbi,Isha Thakur,SAVINGS,False,203643.00,0.06,ACTIVE,2024-12-21T00:00:00Z
ACC-SAL-0370,ritvik.jha@okhdfcbank,Ritvik Jha,SAVINGS,False,276941.58,0.05,ACTIVE,2025-05-06T00:00:00Z
ACC-SAL-0371,siddharth.chaubey@okicici,Siddharth Chaubey,SAVINGS,False,150061.29,0.01,ACTIVE,2023-06-29T00:00:00Z
ACC-SAL-0372,rishi.yadav@okhdfcbank,Rishi Yadav,SAVINGS,False,159244.37,0.01,ACTIVE,2023-01-21T00:00:00Z
ACC-SAL-0373,aaditya.joshi@okicici,Aaditya Joshi,SAVINGS,False,70252.27,0.05,ACTIVE,2025-01-04T00:00:00Z
ACC-SAL-0374,siya.malhotra@oksbi,Siya Malhotra,SAVINGS,False,174585.34,0.06,ACTIVE,2023-06-01T00:00:00Z
ACC-SAL-0375,advaith.dubey@okicici,Advaith Dubey,SAVINGS,False,120265.65,0.06,ACTIVE,2023-03-16T00:00:00Z
ACC-SAL-0376,sneha.thakur@oksbi,Sneha Thakur,SAVINGS,False,101950.11,0.02,ACTIVE,2023-12-11T00:00:00Z
ACC-SAL-0377,kian.ray@oktalb,Kian Ray,SAVINGS,False,190540.97,0.02,ACTIVE,2024-05-13T00:00:00Z
ACC-SAL-0378,isha.reddy@oktalb,Isha Reddy,SAVINGS,False,232685.83,0.03,ACTIVE,2024-08-26T00:00:00Z
ACC-SAL-0379,riya.joshi@okhdfcbank,Riya Joshi,SAVINGS,False,25458.47,0.05,ACTIVE,2025-01-16T00:00:00Z
ACC-SAL-0380,sneha.jha@oksbi,Sneha Jha,SAVINGS,False,178609.11,0.06,ACTIVE,2023-07-06T00:00:00Z
ACC-SAL-0381,anay.jha@oksbi,Anay Jha,SAVINGS,False,60864.06,0.05,ACTIVE,2024-05-23T00:00:00Z
ACC-SAL-0382,diya.dutta@okicici,Diya Dutta,SAVINGS,False,187227.63,0.06,ACTIVE,2023-06-21T00:00:00Z
ACC-SAL-0383,navya.mishra@oksbi,Navya Mishra,SAVINGS,False,78469.49,0.04,ACTIVE,2023-09-29T00:00:00Z
ACC-SAL-0384,prisha.iyer@oksbi,Prisha Iyer,SAVINGS,False,25326.70,0.03,ACTIVE,2025-01-07T00:00:00Z
ACC-SAL-0385,priya.singh@okaxis,Priya Singh,SAVINGS,False,249851.52,0.03,ACTIVE,2024-05-19T00:00:00Z
ACC-SAL-0386,aarna.mehta@okaxis,Aarna Mehta,SAVINGS,False,245332.93,0.04,ACTIVE,2025-03-18T00:00:00Z
ACC-SAL-0387,anay.singh@okaxis,Anay Singh,SAVINGS,False,228794.61,0.01,ACTIVE,2023-03-17T00:00:00Z
ACC-SAL-0388,aditya.chatterjee@okicici,Aditya Chatterjee,SAVINGS,False,43921.10,0.02,ACTIVE,2023-04-18T00:00:00Z
ACC-SAL-0389,aarna.singh@oktalb,Aarna Singh,SAVINGS,False,164496.80,0.05,ACTIVE,2023-03-18T00:00:00Z
ACC-SAL-0390,atharv.mukherjee@okfcc,Atharv Mukherjee,SAVINGS,False,252772.67,0.05,ACTIVE,2024-09-20T00:00:00Z
ACC-SAL-0391,swati.singh@okfcc,Swati Singh,SAVINGS,False,65061.46,0.02,ACTIVE,2024-03-20T00:00:00Z
ACC-SAL-0392,aarush.patel@okaxis,Aarush Patel,SAVINGS,False,166298.67,0.06,ACTIVE,2024-12-14T00:00:00Z
ACC-SAL-0393,deepak.iyer@oktalb,Deepak Iyer,SAVINGS,False,100837.17,0.01,ACTIVE,2023-10-16T00:00:00Z
ACC-SAL-0394,sneha.jha@okfcc,Sneha Jha,SAVINGS,False,150191.81,0.01,ACTIVE,2025-05-10T00:00:00Z
ACC-SAL-0395,aarav.ray@oksbi,Aarav Ray,SAVINGS,False,235093.81,0.04,ACTIVE,2023-10-29T00:00:00Z
ACC-SAL-0396,rahul.patel@oksbi,Rahul Patel,SAVINGS,False,77773.01,0.04,ACTIVE,2023-01-27T00:00:00Z
ACC-SAL-0397,shaurya.tiwari@oksbi,Shaurya Tiwari,SAVINGS,False,225143.53,0.03,ACTIVE,2023-11-12T00:00:00Z
ACC-SAL-0398,aadhya.saxena@oktalb,Aadhya Saxena,SAVINGS,False,123819.41,0.03,ACTIVE,2024-07-11T00:00:00Z
ACC-SAL-0399,aarna.ghosh@okhdfcbank,Aarna Ghosh,SAVINGS,False,36377.32,0.03,ACTIVE,2024-04-01T00:00:00Z
ACC-SAL-0400,aadhya.reddy@okicici,Aadhya Reddy,SAVINGS,False,40718.04,0.05,ACTIVE,2024-07-31T00:00:00Z
ACC-SAL-0401,advik.saxena@oktalb,Advik Saxena,SAVINGS,False,231085.94,0.03,ACTIVE,2023-12-19T00:00:00Z
ACC-SAL-0402,rishi.upadhyay@oksbi,Rishi Upadhyay,SAVINGS,False,123712.05,0.04,ACTIVE,2025-05-10T00:00:00Z
ACC-SAL-0403,harsh.tiwari@okfcc,Harsh Tiwari,SAVINGS,False,146446.88,0.01,ACTIVE,2023-08-30T00:00:00Z
ACC-SAL-0404,arjun.tripathi@okfcc,Arjun Tripathi,SAVINGS,False,229114.84,0.04,ACTIVE,2024-06-13T00:00:00Z
ACC-SAL-0405,ritvik.chopra@okaxis,Ritvik Chopra,SAVINGS,False,267010.68,0.02,ACTIVE,2023-06-27T00:00:00Z
ACC-SAL-0406,veer.patel@okhdfcbank,Veer Patel,SAVINGS,False,132960.60,0.06,ACTIVE,2023-02-13T00:00:00Z
ACC-SAL-0407,swati.patel@oktalb,Swati Patel,SAVINGS,False,237697.57,0.02,ACTIVE,2023-06-01T00:00:00Z
ACC-SAL-0408,krishna.saxena@okaxis,Krishna Saxena,SAVINGS,False,126325.52,0.03,ACTIVE,2024-07-23T00:00:00Z
ACC-SAL-0409,ananya.dubey1@okaxis,Ananya Dubey,SAVINGS,False,28152.77,0.05,ACTIVE,2025-06-13T00:00:00Z
ACC-SAL-0410,kunal.paul@oksbi,Kunal Paul,SAVINGS,False,63158.79,0.04,ACTIVE,2024-02-29T00:00:00Z
ACC-SAL-0411,advik.mehta@okfcc,Advik Mehta,SAVINGS,False,50752.56,0.02,ACTIVE,2025-03-09T00:00:00Z
ACC-SAL-0412,harsh.dutta@okaxis,Harsh Dutta,SAVINGS,False,122676.09,0.03,ACTIVE,2023-09-28T00:00:00Z
ACC-SAL-0413,rohan.gupta@okhdfcbank,Rohan Gupta,SAVINGS,False,127758.36,0.04,ACTIVE,2023-10-10T00:00:00Z
ACC-SAL-0414,pooja.gupta@okaxis,Pooja Gupta,SAVINGS,False,109530.99,0.02,ACTIVE,2025-06-19T00:00:00Z
ACC-SAL-0415,rohan.rao@okicici,Rohan Rao,SAVINGS,False,111155.85,0.05,ACTIVE,2023-01-21T00:00:00Z
ACC-SAL-0416,kiara.rao@okaxis,Kiara Rao,SAVINGS,False,202526.63,0.01,ACTIVE,2025-05-28T00:00:00Z
ACC-SAL-0417,rishi.joshi@okicici,Rishi Joshi,SAVINGS,False,137993.21,0.05,ACTIVE,2025-01-31T00:00:00Z
ACC-SAL-0418,pari.paul@okfcc,Pari Paul,SAVINGS,False,47768.15,0.03,ACTIVE,2024-10-23T00:00:00Z
ACC-SAL-0419,neha.shukla@okfcc,Neha Shukla,SAVINGS,False,120347.10,0.01,ACTIVE,2025-06-07T00:00:00Z
ACC-SAL-0420,kian.bhatia@okicici,Kian Bhatia,SAVINGS,False,154232.80,0.02,ACTIVE,2024-12-27T00:00:00Z
ACC-SAL-0421,ayush.jha@oksbi,Ayush Jha,SAVINGS,False,74154.68,0.05,ACTIVE,2023-06-27T00:00:00Z
ACC-SAL-0422,ayaan.nair1@oksbi,Ayaan Nair,SAVINGS,False,37892.62,0.03,ACTIVE,2024-04-12T00:00:00Z
ACC-SAL-0423,aaditya.rao@okicici,Aaditya Rao,SAVINGS,False,143375.71,0.03,ACTIVE,2025-04-23T00:00:00Z
ACC-SAL-0424,aaryan.verma@okhdfcbank,Aaryan Verma,SAVINGS,False,149640.62,0.03,ACTIVE,2024-01-17T00:00:00Z
ACC-SAL-0425,rohan.thakur@okfcc,Rohan Thakur,SAVINGS,False,112783.50,0.05,ACTIVE,2023-12-25T00:00:00Z
ACC-SAL-0426,aadhya.saxena@okicici,Aadhya Saxena,SAVINGS,False,123574.25,0.02,ACTIVE,2023-01-29T00:00:00Z
ACC-SAL-0427,veer.reddy@oktalb,Veer Reddy,SAVINGS,False,197812.29,0.02,ACTIVE,2023-08-19T00:00:00Z
ACC-SAL-0428,neha.tripathi@oksbi,Neha Tripathi,SAVINGS,False,223977.43,0.05,ACTIVE,2025-06-04T00:00:00Z
ACC-SAL-0429,vivaan.tiwari@okhdfcbank,Vivaan Tiwari,SAVINGS,False,69166.17,0.05,ACTIVE,2024-10-24T00:00:00Z
ACC-SAL-0430,anay.iyer@okfcc,Anay Iyer,SAVINGS,False,265466.27,0.05,ACTIVE,2025-04-04T00:00:00Z
ACC-SAL-0431,ananya.ray@okaxis,Ananya Ray,SAVINGS,False,113920.85,0.02,ACTIVE,2025-05-22T00:00:00Z
ACC-SAL-0432,mehak.banerjee@oktalb,Mehak Banerjee,SAVINGS,False,235199.26,0.03,ACTIVE,2024-06-17T00:00:00Z
ACC-SAL-0433,pranav.sharma@okfcc,Pranav Sharma,SAVINGS,False,271453.79,0.05,ACTIVE,2024-11-09T00:00:00Z
ACC-SAL-0434,myra.banerjee@oktalb,Myra Banerjee,SAVINGS,False,147843.30,0.03,ACTIVE,2023-04-21T00:00:00Z
ACC-SAL-0435,ananya.chatterjee@okicici,Ananya Chatterjee,SAVINGS,False,192310.50,0.06,ACTIVE,2023-09-25T00:00:00Z
ACC-SAL-0436,avani.patel@okhdfcbank,Avani Patel,SAVINGS,False,220195.97,0.05,ACTIVE,2024-06-13T00:00:00Z
ACC-SAL-0437,pooja.chatterjee@oktalb,Pooja Chatterjee,SAVINGS,False,208927.22,0.04,ACTIVE,2023-05-24T00:00:00Z
ACC-SAL-0438,riya.iyer@okaxis,Riya Iyer,SAVINGS,False,124010.10,0.01,ACTIVE,2024-02-19T00:00:00Z
ACC-SAL-0439,aryan.mukherjee@oktalb,Aryan Mukherjee,SAVINGS,False,81702.61,0.04,ACTIVE,2024-12-31T00:00:00Z
ACC-SAL-0440,rohan.dutta@okfcc,Rohan Dutta,SAVINGS,False,240581.91,0.05,ACTIVE,2023-11-04T00:00:00Z
ACC-SAL-0441,devansh.das@oksbi,Devansh Das,SAVINGS,False,57625.76,0.02,ACTIVE,2024-04-27T00:00:00Z
ACC-SAL-0442,devansh.mukherjee@oktalb,Devansh Mukherjee,SAVINGS,False,81674.65,0.02,ACTIVE,2023-04-02T00:00:00Z
ACC-SAL-0443,kiara.paul@okicici,Kiara Paul,SAVINGS,False,91442.61,0.02,ACTIVE,2024-01-16T00:00:00Z
ACC-SAL-0444,aaryan.tiwari@oksbi,Aaryan Tiwari,SAVINGS,False,186771.17,0.04,ACTIVE,2025-06-06T00:00:00Z
ACC-SAL-0445,ishaan.tiwari@okhdfcbank,Ishaan Tiwari,SAVINGS,False,55553.06,0.04,ACTIVE,2024-05-27T00:00:00Z
ACC-SAL-0446,ayush.banerjee@okaxis,Ayush Banerjee,SAVINGS,False,247066.53,0.02,ACTIVE,2023-02-25T00:00:00Z
ACC-SAL-0447,aaditya.mukherjee@okaxis,Aaditya Mukherjee,SAVINGS,False,252675.51,0.06,ACTIVE,2024-08-06T00:00:00Z
ACC-SAL-0448,ritvik.chatterjee@oktalb,Ritvik Chatterjee,SAVINGS,False,223630.00,0.03,ACTIVE,2023-07-04T00:00:00Z
ACC-SAL-0449,nirvaan.chatterjee@oktalb,Nirvaan Chatterjee,SAVINGS,False,26201.94,0.02,ACTIVE,2023-03-01T00:00:00Z
ACC-SAL-0450,rudra.jha@okhdfcbank,Rudra Jha,SAVINGS,False,225228.78,0.05,ACTIVE,2024-05-16T00:00:00Z
ACC-SAL-0451,dhruv.chauhan@okaxis,Dhruv Chauhan,SAVINGS,False,134499.48,0.03,ACTIVE,2024-10-10T00:00:00Z
ACC-SAL-0452,rahul.sengupta@oksbi,Rahul Sengupta,SAVINGS,False,161114.56,0.05,ACTIVE,2023-02-08T00:00:00Z
ACC-SAL-0453,vivaan.chatterjee@okfcc,Vivaan Chatterjee,SAVINGS,False,29568.61,0.01,ACTIVE,2023-07-15T00:00:00Z
ACC-SAL-0454,saanvi.reddy@oktalb,Saanvi Reddy,SAVINGS,False,112809.19,0.02,ACTIVE,2025-06-17T00:00:00Z
ACC-SAL-0455,sanvi.tripathi@okfcc,Sanvi Tripathi,SAVINGS,False,67590.15,0.05,ACTIVE,2023-11-10T00:00:00Z
ACC-SAL-0456,avani.das@okaxis,Avani Das,SAVINGS,False,157673.55,0.04,ACTIVE,2025-01-15T00:00:00Z
ACC-SAL-0457,swati.joshi@okicici,Swati Joshi,SAVINGS,False,116608.98,0.02,ACTIVE,2024-05-16T00:00:00Z
ACC-SAL-0458,pooja.verma@okhdfcbank,Pooja Verma,SAVINGS,False,210428.05,0.02,ACTIVE,2023-08-18T00:00:00Z
ACC-SAL-0459,aditya.thakur@okfcc,Aditya Thakur,SAVINGS,False,56406.31,0.05,ACTIVE,2023-06-23T00:00:00Z
ACC-SAL-0460,arjun.sengupta@oktalb,Arjun Sengupta,SAVINGS,False,221668.66,0.04,ACTIVE,2023-09-19T00:00:00Z
ACC-SAL-0461,reyansh.mehta@oktalb,Reyansh Mehta,SAVINGS,False,30034.15,0.04,ACTIVE,2025-05-06T00:00:00Z
ACC-SAL-0462,priya.mishra@okaxis,Priya Mishra,SAVINGS,False,164557.01,0.03,ACTIVE,2023-05-07T00:00:00Z
ACC-SAL-0463,darsh.shah@oktalb,Darsh Shah,SAVINGS,False,185729.39,0.03,ACTIVE,2024-12-03T00:00:00Z
ACC-SAL-0464,advik.dubey@okicici,Advik Dubey,SAVINGS,False,179436.76,0.02,ACTIVE,2024-09-29T00:00:00Z
ACC-SAL-0465,pranav.tripathi@oktalb,Pranav Tripathi,SAVINGS,False,55022.31,0.02,ACTIVE,2024-09-24T00:00:00Z
ACC-SAL-0466,pranav.shukla@okhdfcbank,Pranav Shukla,SAVINGS,False,75936.09,0.02,ACTIVE,2024-09-15T00:00:00Z
ACC-SAL-0467,kunal.patel@okicici,Kunal Patel,SAVINGS,False,129487.84,0.02,ACTIVE,2024-12-21T00:00:00Z
ACC-SAL-0468,siddharth.shah@oktalb,Siddharth Shah,SAVINGS,False,109303.92,0.01,ACTIVE,2024-05-07T00:00:00Z
ACC-SAL-0469,atharv.chopra@okfcc,Atharv Chopra,SAVINGS,False,150996.53,0.06,ACTIVE,2024-11-16T00:00:00Z
ACC-SAL-0470,amit.bhatia@oktalb,Amit Bhatia,SAVINGS,False,50829.07,0.02,ACTIVE,2025-01-10T00:00:00Z
ACC-SAL-0471,rishi.pandey@okicici,Rishi Pandey,SAVINGS,False,143390.73,0.01,ACTIVE,2023-09-28T00:00:00Z
ACC-SAL-0472,nirvaan.gupta@okicici,Nirvaan Gupta,SAVINGS,False,229407.01,0.03,ACTIVE,2024-01-04T00:00:00Z
ACC-SAL-0473,advaith.mehta@oksbi,Advaith Mehta,SAVINGS,False,242259.67,0.04,ACTIVE,2023-01-10T00:00:00Z
ACC-SAL-0474,rudra.mukherjee@okicici,Rudra Mukherjee,SAVINGS,False,268547.73,0.02,ACTIVE,2024-03-24T00:00:00Z
ACC-SAL-0475,atharv.ghosh@okicici,Atharv Ghosh,SAVINGS,False,54027.16,0.03,ACTIVE,2023-07-07T00:00:00Z
ACC-SAL-0476,kriti.rao@okaxis,Kriti Rao,SAVINGS,False,241921.25,0.05,ACTIVE,2024-12-07T00:00:00Z
ACC-SAL-0477,rudra.chopra@okhdfcbank,Rudra Chopra,SAVINGS,False,210234.83,0.06,ACTIVE,2024-12-13T00:00:00Z
ACC-SAL-0478,kian.mehta@okaxis,Kian Mehta,SAVINGS,False,148082.09,0.04,ACTIVE,2024-08-27T00:00:00Z
ACC-SAL-0479,divya.kumar@okfcc,Divya Kumar,SAVINGS,False,223686.90,0.04,ACTIVE,2024-01-24T00:00:00Z
ACC-SAL-0480,dhruv.tiwari@okaxis,Dhruv Tiwari,SAVINGS,False,251336.45,0.03,ACTIVE,2023-04-26T00:00:00Z
ACC-SAL-0481,krishna.iyer1@oktalb,Krishna Iyer,SAVINGS,False,28151.85,0.05,ACTIVE,2023-11-18T00:00:00Z
ACC-SAL-0482,ayush.jha@oktalb,Ayush Jha,SAVINGS,False,82116.15,0.06,ACTIVE,2024-08-01T00:00:00Z
ACC-SAL-0483,rhea.dubey@okfcc,Rhea Dubey,SAVINGS,False,203647.95,0.01,ACTIVE,2024-12-05T00:00:00Z
ACC-SAL-0484,saanvi.tiwari@okicici,Saanvi Tiwari,SAVINGS,False,197455.37,0.03,ACTIVE,2024-11-10T00:00:00Z
ACC-SAL-0485,reyansh.sharma@oktalb,Reyansh Sharma,SAVINGS,False,153919.73,0.03,ACTIVE,2023-06-10T00:00:00Z
ACC-SAL-0486,siddharth.singh@oksbi,Siddharth Singh,SAVINGS,False,150370.23,0.02,ACTIVE,2025-02-08T00:00:00Z
ACC-SAL-0487,ananya.malhotra@okfcc,Ananya Malhotra,SAVINGS,False,165376.37,0.03,ACTIVE,2023-08-17T00:00:00Z
ACC-SAL-0488,diya.saxena@okaxis,Diya Saxena,SAVINGS,False,229321.63,0.03,ACTIVE,2024-03-30T00:00:00Z
ACC-SAL-0489,siddharth.mishra@okicici,Siddharth Mishra,SAVINGS,False,275071.04,0.05,ACTIVE,2023-05-02T00:00:00Z
ACC-SAL-0490,aditya.mehta@okaxis,Aditya Mehta,SAVINGS,False,34137.14,0.04,ACTIVE,2024-02-27T00:00:00Z
ACC-SAL-0491,atharv.yadav@okfcc,Atharv Yadav,SAVINGS,False,102672.48,0.04,ACTIVE,2024-10-14T00:00:00Z
ACC-SAL-0492,aarush.pandey@okicici,Aarush Pandey,SAVINGS,False,235454.30,0.05,ACTIVE,2024-01-08T00:00:00Z
ACC-SAL-0493,kriti.mukherjee@okfcc,Kriti Mukherjee,SAVINGS,False,183038.28,0.03,ACTIVE,2025-02-24T00:00:00Z
ACC-SAL-0494,tara.mishra@oksbi,Tara Mishra,SAVINGS,False,218626.59,0.02,ACTIVE,2023-04-10T00:00:00Z
ACC-SAL-0495,rhea.dutta@oktalb,Rhea Dutta,SAVINGS,False,99455.81,0.04,ACTIVE,2025-03-30T00:00:00Z
ACC-SAL-0496,pranav.gupta@okhdfcbank,Pranav Gupta,SAVINGS,False,60814.54,0.05,ACTIVE,2024-05-19T00:00:00Z
ACC-SAL-0497,neha.mehta@okicici,Neha Mehta,SAVINGS,False,74959.97,0.02,ACTIVE,2024-09-17T00:00:00Z
ACC-SAL-0498,sneha.shah@okaxis,Sneha Shah,SAVINGS,False,224262.20,0.05,ACTIVE,2025-04-24T00:00:00Z
ACC-SAL-0499,pranav.paul@oksbi,Pranav Paul,SAVINGS,False,238553.89,0.04,ACTIVE,2024-10-10T00:00:00Z
ACC-SAL-0500,shreya.pandey@oktalb,Shreya Pandey,SAVINGS,False,268828.53,0.02,ACTIVE,2024-08-26T00:00:00Z
